{
  "accuracy": 0.33432835820895523,
  "precision": 0.3372906882552521,
  "recall": 0.33432835820895523,
  "f1_score": 0.32565294404314227,
  "train_samples": 2680,
  "test_samples": 670,
  "features": [
    "open",
    "high",
    "low",
    "close",
    "volume",
    "volatility",
    "returns",
    "rsi_14",
    "macd",
    "macd_signal",
    "macd_hist",
    "sma_3",
    "sma_6",
    "sma_12",
    "ema_3",
    "ema_6",
    "ema_12",
    "volume_change",
    "trailingPE",
    "forwardPE",
    "priceToBook",
    "returnOnEquity",
    "returnOnAssets",
    "profitMargins",
    "operatingMargins",
    "grossMargins",
    "debtToEquity",
    "currentRatio",
    "beta"
  ],
  "threshold": 0.03
}