{
  "timestamp": "2026-01-11T17:07:49.346430",
  "threshold": 0.03,
  "n_train": 13343,
  "n_test": 3336,
  "accuracy": 0.3747002398081535,
  "f1_score": 0.36734852639328225,
  "features": [
    "open",
    "high",
    "low",
    "close",
    "volume",
    "volatility",
    "returns",
    "rsi_14",
    "macd",
    "macd_signal",
    "macd_hist",
    "sma_3",
    "sma_6",
    "sma_12",
    "ema_3",
    "ema_6",
    "ema_12",
    "volume_change",
    "trailingPE",
    "forwardPE",
    "priceToBook",
    "returnOnEquity",
    "returnOnAssets",
    "profitMargins",
    "operatingMargins",
    "grossMargins",
    "debtToEquity",
    "currentRatio",
    "beta"
  ],
  "model_params": {
    "bootstrap": true,
    "ccp_alpha": 0.0,
    "class_weight": "balanced",
    "criterion": "gini",
    "max_depth": 15,
    "max_features": "sqrt",
    "max_leaf_nodes": null,
    "max_samples": null,
    "min_impurity_decrease": 0.0,
    "min_samples_leaf": 2,
    "min_samples_split": 5,
    "min_weight_fraction_leaf": 0.0,
    "monotonic_cst": null,
    "n_estimators": 200,
    "n_jobs": -1,
    "oob_score": false,
    "random_state": 42,
    "verbose": 0,
    "warm_start": false
  }
}