{
  "timestamp": "2026-01-11T17:07:48.448978",
  "n_tickers": 150,
  "n_samples": 16829,
  "features": [
    "open",
    "high",
    "low",
    "close",
    "volume",
    "volatility",
    "returns",
    "rsi_14",
    "macd",
    "macd_signal",
    "macd_hist",
    "sma_3",
    "sma_6",
    "sma_12",
    "ema_3",
    "ema_6",
    "ema_12",
    "volume_change"
  ],
  "targets": [
    "trailingPE",
    "forwardPE",
    "priceToBook",
    "returnOnEquity",
    "returnOnAssets",
    "profitMargins",
    "operatingMargins",
    "grossMargins",
    "debtToEquity",
    "currentRatio",
    "beta"
  ],
  "model_params": {
    "bootstrap": true,
    "ccp_alpha": 0.0,
    "criterion": "squared_error",
    "max_depth": 15,
    "max_features": 1.0,
    "max_leaf_nodes": null,
    "max_samples": null,
    "min_impurity_decrease": 0.0,
    "min_samples_leaf": 2,
    "min_samples_split": 5,
    "min_weight_fraction_leaf": 0.0,
    "monotonic_cst": null,
    "n_estimators": 100,
    "n_jobs": -1,
    "oob_score": false,
    "random_state": 42,
    "verbose": 0,
    "warm_start": false
  }
}