{
  "timestamp": "2026-01-11T19:29:42.068099",
  "experiment": "150_tickers_5_sectors",
  "threshold": 0.03,
  "overall_metrics": {
    "accuracy": 0.35611510791366907,
    "precision": 0.3657040357112214,
    "recall": 0.35611510791366907,
    "f1_score": 0.357717433418581
  },
  "sector_metrics": {},
  "n_test_samples": 3336,
  "backtest": {
    "total_trades": 2359,
    "long_trades": 1126,
    "short_trades": 1233,
    "win_rate": 50.06358626536668,
    "strategy_return_pct": -99.99946835077527,
    "buyhold_return_pct": 3.592647086398908e+19,
    "outperformance_pct": -3.592647086398908e+19
  },
  "figures": [
    "confusion_matrix.png",
    "confusion_matrix_normalized.png",
    "roc_curves.png",
    "feature_importance.png",
    "sector_comparison.png",
    "equity_curve.png",
    "class_distribution.png",
    "prediction_confidence.png",
    "returns_histogram.png"
  ]
}