date,open,high,low,close,volume,dividends,split_occurred,volatility,returns,rsi_14,macd,macd_signal,macd_hist,sma_3,sma_6,sma_12,ema_3,ema_6,ema_12,volume_change,ticker,sector
2015-01-31 00:00:00-05:00,24.694233092060063,26.602999818446985,23.19559874156603,25.97339630126953,261052680.0,0.0,0,0.13118812177498743,,,0.0,0.0,0.0,,,,25.97339630126953,25.97339630126953,25.97339630126953,,AAPL,Technology
2015-02-28 00:00:00-05:00,26.170700293426666,29.734896040236197,25.733967466726934,28.590913772583008,239270568.42105263,0.1175,0,0.13993706550736118,0.10077686571877154,,0.2088048125264308,0.04176096250528616,0.16704385002114464,,,,27.28215503692627,26.721258435930523,26.37609129685622,-0.08343952484589456,AAPL,Technology
2015-03-31 00:00:00-04:00,28.76673826279468,28.99598163064792,27.070774214428088,27.6939640045166,207025836.36363637,0.0,0,0.06951722100548152,-0.03137184684620076,,0.2984672361412599,0.09310221723248091,0.205365018908779,27.419424692789715,,,27.488059520721436,26.9991743126694,26.57884094418859,-0.13476263407655764,AAPL,Technology
2015-04-30 00:00:00-04:00,27.780770705399615,29.94411036493817,27.397955774762004,27.85420799255371,189740095.23809522,0.0,0,0.09141005161075953,0.005786242374366424,,0.37809723390351024,0.1501012205666868,0.22799601333682346,28.046361923217773,,,27.671133756637573,27.2434696497792,26.775051259321682,-0.08349557441313327,AAPL,Technology
2015-05-31 00:00:00-04:00,28.06565373617916,29.71829946014295,27.455816218919747,29.117090225219727,190830420.0,0.13,0,0.0777029306061482,0.04533901064441048,,0.5369193506090788,0.2274648465751652,0.3094545040339136,28.22175407409668,,,28.39411199092865,27.77878981419078,27.135364946382918,0.005746412009209667,AAPL,Technology
2015-06-30 00:00:00-04:00,29.1170993245038,29.365180367831247,27.820811685127207,28.03314208984375,159746672.72727272,0.0,0,0.05509081635424506,-0.037227213536506376,,0.5687650967659685,0.2957248966133259,0.27304020015264263,28.334813435872395,27.877119064331055,,28.2136270403862,27.85146189294877,27.273484506915356,-0.16288675187492263,AAPL,Technology
2015-07-31 00:00:00-04:00,28.361677708031362,29.718303817801807,26.64522974527482,27.110097885131836,192414654.54545453,0.0,0,0.11335532927796527,-0.03292689066939547,,0.5136006582307715,0.33930004893681504,0.17430060929395647,28.086776733398438,28.066569328308105,,27.661862462759018,27.639643605001076,27.248348103564044,0.20449866817541906,AAPL,Technology
2015-08-31 00:00:00-04:00,27.15479960021046,27.39394056552106,20.6547296584936,25.315507888793945,306060780.95238096,0.13,0,0.26620879725706037,-0.0661963672702971,,0.3213694812291692,0.3357139353952859,-0.014344454166116682,26.81958262125651,27.520668347676594,,26.48868517577648,26.975604828941897,26.95098807052249,0.5906313460136143,AAPL,Technology
2015-09-30 00:00:00-04:00,24.72954472635448,26.242731047988062,24.103167500105478,24.76322364807129,229818533.33333334,0.0,0,0.08640084902876637,-0.021816044266176005,,0.1230418164411553,0.29317951160445976,-0.17013769516330446,25.729609807332356,27.032211621602375,,25.625954411923885,26.343495920121725,26.61440892860692,-0.24910819145727103,AAPL,Technology
2015-10-31 00:00:00-04:00,24.48708583632217,27.214849177250642,24.09195130342979,26.82869529724121,202274927.27272728,0.0,0,0.11640140674831763,0.08340883555888712,,0.13102167710864876,0.26074794470529755,-0.1297262675966488,25.63580894470215,26.861292839050293,,26.227324854582548,26.482124313584436,26.647376062242966,-0.1198493683738564,AAPL,Technology
2015-11-30 00:00:00-05:00,27.120557282149267,27.798569385616204,25.02705576868221,26.672977447509766,150128120.0,0.13,0,0.10390717055822156,-0.005804152904426041,,0.12335864344097303,0.23327008445243266,-0.10991144101145964,26.088298797607422,26.453940709431965,,26.450151151046157,26.536653780420245,26.651314736899398,-0.25780163649456045,AAPL,Technology
2015-12-31 00:00:00-05:00,26.77443784822849,27.024704048666933,23.63364988463391,23.73285675048828,167620945.45454547,0.0,0,0.14288436489902356,-0.11022844010599875,,-0.11859049715440051,0.16289796813106605,-0.28148846528546656,25.744843165079754,25.737226486206055,26.807172775268555,25.09150395076722,25.7355689147254,26.20232120052846,0.11651931333414067,AAPL,Technology
2016-01-31 00:00:00-05:00,23.13537213940266,23.86588746445505,20.831076108775935,21.947139739990234,267757473.68421054,0.0,0,0.13827821719061348,-0.07524239619662754,,-0.44925069079843283,0.040468236345166275,-0.4897189271435991,24.117657979329426,24.87673346201579,26.471651395161945,23.519321845378727,24.65316057908678,25.547677898907192,0.5973986601621906,AAPL,Technology
2016-02-29 00:00:00-05:00,21.750990934463992,22.41760369047483,20.989448717950868,21.918888092041016,162172520.0,0.13,0,0.06515636041969397,-0.001287258762823651,37.53742764223677,-0.7054489717998393,-0.10871520528383485,-0.5967337665160045,22.53296152750651,24.310630162556965,25.91564925511678,22.71910496870987,23.871939868502277,24.989402544004705,-0.3943305567960952,AAPL,Technology
2016-03-31 00:00:00-04:00,22.136515111056735,25.031373749204025,22.084375093578036,24.70720672607422,135645381.8181818,0.0,0,0.11927688501168925,0.1272107701049705,46.67754984866378,-0.6757048397065581,-0.22211313216837952,-0.4535917075381786,22.857744852701824,24.30129400889079,25.666752815246582,23.713155847392045,24.110587542094258,24.94598780278463,-0.16357357079866663,AAPL,Technology
2016-04-30 00:00:00-04:00,24.659599417281587,25.477953361600637,20.971318041422034,21.25014877319336,166168323.80952382,0.0,0,0.21207547148392833,-0.1399210356398778,31.550858688544054,-0.9204773952512433,-0.3617859847849523,-0.558691410466291,22.6254145304362,23.371536254882812,25.116414546966553,22.481652310292702,23.293319322408287,24.37739718284751,0.22502013398624032,AAPL,Technology
2016-05-31 00:00:00-04:00,21.302285026807674,22.97375526188401,20.405646795303777,22.775331497192383,171556476.19047618,0.1425,0,0.1127583353461535,0.07177280217082571,38.0166812362301,-0.9800939961680797,-0.48544758706157776,-0.4946464091065019,22.910895665486652,22.721928596496582,24.587934652964275,22.628491903742542,23.145322800918027,24.13092553890057,0.03242586948839121,AAPL,Technology
2016-06-30 00:00:00-04:00,22.583744247393028,23.23831775252681,20.868642803339924,21.80373764038086,141726854.54545453,0.0,0,0.10868205205323203,-0.042659921631932995,35.81977344280483,-1.0931390595816985,-0.606985881565602,-0.4861531780160966,21.9430726369222,22.40040874481201,24.068817615509033,22.2161147720617,22.762012755050264,23.772896631436,-0.1738763951522433,AAPL,Technology
2016-07-31 00:00:00-04:00,21.778653190981583,23.844988283156116,21.523206077879163,23.76744270324707,137155920.0,0.0,0,0.09768750615141927,0.09006277250508643,37.86102420492963,-1.0126008671035365,-0.6881088786731889,-0.32449198843034754,22.78217061360677,22.703792572021484,23.790263017018635,22.991778737654386,23.049278454535063,23.772057565560782,-0.03225171799737181,AAPL,Technology
2016-08-31 00:00:00-04:00,23.813062417100653,25.276639411073187,23.719551556938992,24.3295841217041,109587565.2173913,0.1425,0,0.06399977271889074,0.023651741816557825,41.39235796154502,-0.8931183425545193,-0.729110771449455,-0.16400757110506425,23.300254821777344,23.105575243632,23.708102703094482,23.660681429679244,23.415080073726216,23.857830881890525,-0.20100010836286686,AAPL,Technology
2016-09-30 00:00:00-04:00,24.33876544112956,26.64101773936924,23.510960018180622,25.923280715942383,184383923.80952382,0.0,0,0.12074311718052276,0.06550447333033382,47.32504230604349,-0.6621961993640113,-0.7157278570323663,0.05353165766835499,24.67343584696452,23.30825424194336,23.804774125417072,24.791981072810813,24.13170882864512,24.175592394821578,0.6825259639974419,AAPL,Technology
2016-10-31 00:00:00-04:00,25.84531737734946,27.216577609927242,25.746714818127575,26.035646438598633,130840819.04761904,0.0,0,0.05645578246985835,0.004334548697269902,51.75629626349319,-0.46476424948018646,-0.6655351355219303,0.20077088604174387,25.42950375874837,24.10583718617757,23.738686720530193,25.413813755704723,24.675691002917553,24.461754555402663,-0.29038922513232235,AAPL,Technology
2016-11-30 00:00:00-05:00,26.017294679681626,26.088379625010337,23.9889257484387,25.47325325012207,137439047.6190476,0.1425,0,0.08241797213559977,-0.02160089206169269,51.730788829814536,-0.3496479134726975,-0.6023576911120838,0.2527097776393863,25.810726801554363,24.55549081166585,23.63870970408122,25.443533502913397,24.903565930690274,24.61736973920565,0.05042943493824481,AAPL,Technology
2016-12-31 00:00:00-05:00,25.438679608131494,27.201892260611118,24.950044440121594,26.694822311401367,115956514.28571428,0.0,0,0.08435522792477095,0.047954968660056885,49.65966510751767,-0.1580253557183653,-0.5134912240333401,0.35546586831497484,26.067907333374023,25.37067159016927,23.885540167490642,26.069177907157382,25.4153534680363,24.93697782723576,-0.1563058949075261,AAPL,Technology
2017-01-31 00:00:00-05:00,26.69022161622934,28.22064282582457,26.450516485098216,27.96940803527832,112624400.0,0.0,0,0.06328794440317295,0.04774655208446843,53.118413773555794,0.0955834906459323,-0.39167628109748565,0.48725977174341795,26.712494532267254,26.070999145507812,24.38739585876465,27.01929297121785,26.14508334439116,25.40350555155,-0.028735895574646397,AAPL,Technology
2017-02-28 00:00:00-05:00,29.27856966004598,31.82452215454914,29.273960724262206,31.71108627319336,121046021.05263157,0.1425,0,0.08043122232753736,0.13377752697502898,68.47816982940441,0.5916720645753344,-0.19500661196292166,0.7866786765382561,28.791772206624348,27.301249504089355,25.203412373860676,29.365189622205605,27.735369895477504,26.37390258564898,0.07477616797631392,AAPL,Technology
2017-03-31 00:00:00-04:00,31.919425774445003,33.44954443082265,31.724981051170833,33.25510025024414,97674504.3478261,0.0,0,0.051858613165334085,0.04869003741306699,76.48661843705833,1.0967719532639535,0.0633491010824534,1.0334228521815,30.97853151957194,28.52321942647298,25.91573683420817,31.310144936224873,29.312435711125115,27.432548380202082,-0.19307959486453008,AAPL,Technology
2017-04-30 00:00:00-04:00,33.266667998720514,33.6717593349263,32.42174646432778,33.252777099609375,78590336.84210527,0.0,0,0.03759123236095675,-6.985847636253872e-05,76.57963555322402,1.4798213360518204,0.34664354807632686,1.1331777879754936,32.739654541015625,29.726074536641438,26.915955861409504,32.281461017917124,30.438247536406333,28.32796818318782,-0.1953853529449272,AAPL,Technology
2017-05-31 00:00:00-04:00,33.58842255242411,36.41175451441379,33.39630017256143,35.507572174072266,118905781.81818181,0.1575,0,0.08492426142427882,0.06780772227560439,75.97852644436426,1.9429368830814973,0.665902215077361,1.2770346680041362,34.005149841308594,31.398461023966473,27.976975917816162,33.894516595994695,31.886626004310884,29.43252264332389,0.5129822137939646,AAPL,Technology
2017-06-30 00:00:00-04:00,35.602874780688644,36.25601210774367,33.05299094416554,33.476036071777344,124396018.18181819,0.0,0,0.0956810166147031,-0.057214165258484107,81.57254564161084,2.121575108256934,0.9570367937132758,1.1645383145436583,34.07879511515299,32.528663317362465,28.94966745376587,33.68527633388602,32.340743166444156,30.05460163231673,0.04617299747485326,AAPL,Technology
2017-07-31 00:00:00-04:00,33.675935987269554,35.79347239701961,33.10181040141911,34.57081985473633,84402380.0,0.0,0,0.07785936251759842,0.032703507088223116,81.15359888592802,2.324689516841172,1.230567338338855,1.094122178502317,34.51814270019531,33.62889862060547,29.84994888305664,34.128048094311175,32.977907934527636,30.749404435765896,-0.321502559055895,AAPL,Technology
2017-08-31 00:00:00-04:00,34.65683753402334,38.39123438165889,34.496453217920134,38.26988983154297,114968521.73913044,0.1575,0,0.10177142345804673,0.10699977589047127,88.01286509805841,2.752415054288143,1.5349368815287125,1.2174781727594304,35.43891525268555,34.72203254699707,31.011641025543213,36.19896896292707,34.4899027622463,31.906402188962367,0.3621478652513168,AAPL,Technology
2017-09-30 00:00:00-04:00,38.45656990207039,38.489239175217016,34.80692994908598,35.964359283447266,136074820.0,0.0,0,0.10238773328643253,-0.06024398184170965,77.71965693792816,2.8722441347271364,1.8023983321683974,1.069845802558739,36.26835632324219,35.17357571919759,31.848397572835285,36.08166412318717,34.91117605401801,32.530703280421584,0.1835832795063752,AAPL,Technology
2017-10-31 00:00:00-04:00,35.997033133613364,39.588325510234554,35.57699641283298,39.445980072021484,91689327.27272727,0.0,0,0.10169170825715532,0.0968075299530402,80.32989374781337,3.211131321798053,2.084144930094329,1.1269863917037242,37.893409729003906,36.20577621459961,32.96592537562052,37.763822097604326,36.20683434487614,33.5945920175908,-0.3261844676867677,AAPL,Technology
2017-11-30 00:00:00-05:00,39.63967348374911,41.12613296508789,38.56858396438262,40.24587631225586,114412076.1904762,0.1575,0,0.06354810070134902,0.020278270150061006,79.68270678201546,3.5038565237464034,2.368087248824744,1.1357692749216595,38.55207188924154,36.99549357096354,34.196977297465004,39.004849204930096,37.36084633555606,34.61786652446234,0.2478232700973011,AAPL,Technology
2017-12-31 00:00:00-05:00,39.80090498652369,41.498800974754296,38.98358214647934,39.63228988647461,106236760.0,0.0,0,0.0634638784556662,-0.015245945224812929,77.60472731967502,3.644322576506905,2.623334314361176,1.0209882621457291,39.774715423583984,38.021535873413086,35.27509959538778,39.31856954570235,38.00983020724708,35.38931627246423,-0.07145501124256948,AAPL,Technology
2018-01-31 00:00:00-05:00,39.85008766691489,42.17794790326898,38.57140312952726,39.21073532104492,125653219.04761904,0.0,0,0.09197850395338128,-0.010636644176685639,78.05108443284901,3.6792153012108386,2.8345105117311085,0.8447047894797302,39.6963005065918,38.79485511779785,36.21187686920166,39.26465243337364,38.35294595404646,35.9772268953228,0.18276591876125603,AAPL,Technology
2018-02-28 00:00:00-05:00,39.14985977700904,42.47219752328346,35.328431147610246,41.88433074951172,195346168.42105263,0.1575,0,0.17055940128054922,0.06818529177217036,79.27977221736944,3.8779027943328046,3.0431889682514477,0.8347138260813569,40.242451985677086,39.39726193745931,37.05964724222819,40.57449159144268,39.361913038465104,36.88601210365956,0.554645156739056,AAPL,Technology
2018-03-31 00:00:00-04:00,41.983094552063186,43.1494226362358,38.78509521484375,39.452911376953125,135948133.33333334,0.0,0,0.11062117519523591,-0.05805081110402932,71.19086964157937,3.795417629089407,3.1936347004190395,0.6017829286703673,40.18265914916992,39.97868728637695,37.57613150278727,40.0137014841979,39.3879125637474,37.280919684166264,-0.3040655241299215,AAPL,Technology
2018-04-30 00:00:00-04:00,39.18484391069471,42.07713854447609,37.77161170591066,38.8603401184082,126886533.33333333,0.0,0,0.11079488304647904,-0.01501970926513374,64.92768158935148,3.640269235364194,3.2829616074080707,0.35730762795612314,40.065860748291016,39.881080627441406,38.04342842102051,39.43702080130305,39.23717757936477,37.52390744328041,-0.06665483208792389,AAPL,Technology
2018-05-31 00:00:00-04:00,39.13076426459355,44.8643098921221,38.862697162878376,44.11130905151367,112904781.81818181,0.1825,0,0.1360561012196436,0.13512411155192328,69.62917225698959,3.896110388956963,3.4055913637178494,0.4905190252391134,40.808186848958336,40.52531941731771,38.760406494140625,41.77416492640836,40.62978657140731,38.53735384454706,-0.11019098045985065,AAPL,Technology
2018-06-30 00:00:00-04:00,44.37568671498433,45.841585535827775,42.661940203754284,43.695858001708984,100499904.76190476,0.0,0,0.072767659853461,-0.009418243501219115,68.60425368467507,4.019014224534317,3.528275935881143,0.4907382886531737,42.22250239054362,41.20258076985677,39.612058321634926,42.73501146405867,41.50580698006493,39.330969868725816,-0.10987025400087536,AAPL,Technology
2018-07-31 00:00:00-04:00,43.39134644867132,46.257022712765185,43.29692290853678,44.91860580444336,74988838.09523809,0.0,0,0.06589919146456662,0.027983151233385906,67.40570755457121,4.167046806762805,3.6560301100574755,0.5110166967053296,44.24192428588867,42.153892517089844,40.47437381744385,43.826808634251016,42.48089235845877,40.19060616652852,-0.2538416999210613,AAPL,Technology
2018-08-31 00:00:00-04:00,47.00532045620713,54.215021849347146,46.57570148664053,53.92129135131836,121794591.30434783,0.1825,0,0.14167539706965557,0.2004221944480844,80.06170512140392,4.953701986814892,3.9155644854089586,1.038137501405933,47.51191838582357,44.16005261739095,41.77865727742513,48.87404999278469,45.74957778499008,42.3030192718808,0.6241696017434624,AAPL,Technology
2018-09-30 00:00:00-04:00,54.106044919186616,54.40452890571395,51.00054423822981,53.47358703613281,142941473.68421054,0.0,0,0.06365730926530191,-0.008302922722465578,78.33284256015497,5.477860521692008,4.228023692665569,1.2498368290264397,50.77116139729818,46.4968318939209,43.237759590148926,51.17381851445875,47.95643757103086,44.0215681586888,0.17362743413637793,AAPL,Technology
2018-10-31 00:00:00-04:00,53.99709354812719,55.30468156297177,48.81886971884143,51.84384536743164,137347565.2173913,0.0,0,0.1251028313614395,-0.03047750785074388,71.69120690523312,5.6960923971359065,4.521637433559636,1.1744549635762702,53.07957458496094,48.660749435424805,44.270915031433105,51.5088319409452,49.06712551285966,45.224995421572316,-0.03913425769750645,AAPL,Technology
2018-11-30 00:00:00-05:00,51.88884582940752,52.67292229880161,40.47214223739209,42.44986343383789,183109790.47619048,0.1825,0,0.2874162382271402,-0.18119763044226378,58.44961223358268,5.052781576674086,4.627866262182526,0.4249153144915594,49.25576527913412,48.38384183247884,44.45458062489828,46.979347687391545,47.17647920456773,44.79805203884394,0.33318555874192257,AAPL,Technology
2018-12-31 00:00:00-05:00,43.84759153296526,43.961690285175266,34.84558249419707,37.49604034423828,189246842.10526314,0.0,0,0.24312187919807907,-0.11669821028566107,47.553383870200996,4.096004800484671,4.521493969842956,-0.4254891693582845,43.92991638183594,47.350538889567055,44.276559829711914,42.23769401581491,44.41063953018788,43.674665624289226,0.03351569357986173,AAPL,Technology
2019-01-31 00:00:00-05:00,36.81856769913238,40.17262605002727,33.75450611274441,39.56409454345703,157730933.33333334,0.0,0,0.1622208219685964,0.055153935728483594,49.17094257277266,3.464688233316849,4.310132822537734,-0.8454445892208851,39.836666107177734,46.458120346069336,44.30600643157959,40.90089427963597,43.02591239112192,43.04227007339196,-0.1665333403788053,AAPL,Technology
2019-02-28 00:00:00-05:00,39.687710489553304,41.98496889280759,39.442868028485435,41.335628509521484,99482231.57894737,0.1825,0,0.06149902531992701,0.04477630504392338,52.014553584093484,3.071902313503138,4.062486720730815,-0.9905844072276775,39.46525446573893,44.36050987243652,44.260281244913735,41.118261394578724,42.54297413923608,42.7797098327965,-0.36929155571081795,AAPL,Technology
2019-03-31 00:00:00-04:00,41.60539628273946,47.19400154727684,40.464282137130546,45.346248626708984,123996457.14285715,0.0,0,0.1484074121664495,0.09702574417765697,56.68868075808054,3.049092131390502,3.859807802862753,-0.8107156714722512,42.081990559895836,43.00595347086588,44.751392682393394,43.232255010643854,43.34390970708548,43.17456195493688,0.24641813090467046,AAPL,Technology
2019-04-30 00:00:00-04:00,45.74970242041629,49.769872052792415,44.97145268625358,47.905399322509766,96403371.42857143,0.0,0,0.10016447904410138,0.056435775247204,56.58033751939744,3.200622190865964,3.727970680463396,-0.5273484895974319,44.86242548624674,42.34954579671224,45.50514761606852,45.56882716657681,44.647192454349565,43.90238308840963,-0.22253124282813608,AAPL,Technology
2019-05-31 00:00:00-04:00,50.10408114629927,51.400368488216685,41.935764812126756,41.95493698120117,134446654.54545453,0.1925,0,0.2255897483609796,-0.12421276986438967,52.539122338133666,2.8081872394005742,3.544013992250832,-0.7358267528502576,45.068861643473305,42.26705805460612,45.32544994354248,43.76188207388899,43.8779766048786,43.602775994992946,0.3946260649719151,AAPL,Technology
2019-06-30 00:00:00-04:00,42.08194969920505,48.30557727889453,40.804632722240406,47.430870056152344,103043740.0,0.0,0,0.15814478097858897,0.13051939697596926,57.91327562208863,2.9055483946371865,3.416320872728103,-0.5107724780909164,45.76373545328776,43.9228630065918,45.63670094807943,45.596376065020664,44.89308901952824,44.191713542863624,-0.23357155781691574,AAPL,Technology
2019-07-31 00:00:00-04:00,48.6889961023964,53.05057041741711,47.54830030784515,51.05431365966797,86154854.54545455,0.0,0,0.10777287392894008,0.07639420485489534,56.6091961327313,3.237766471588621,3.3806099925002067,-0.14284352091158548,46.81337356567383,45.83789952596029,46.14800993601481,48.325344862344316,46.65343891671102,45.24749817621814,-0.1639001598209212,AAPL,Technology
2019-08-31 00:00:00-04:00,51.260410296588674,52.2501520023427,46.15115233297481,50.21390151977539,123833018.18181819,0.1925,0,0.12146038218053949,-0.016461138729526925,56.154869940078974,3.3941122418401903,3.3833104423682037,0.010801799471986673,49.56636174519857,47.31761169433594,45.83906078338623,49.26962319105985,47.67071394615799,46.011560229073105,0.4373307091649139,AAPL,Technology
2019-09-30 00:00:00-04:00,49.658214500289326,54.46695704558074,49.12658521378133,53.87759780883789,108513420.0,0.0,0,0.09912045170884351,0.07296179301302952,58.08701116119975,3.770186697525574,3.460685693399678,0.3095010041258961,51.71527099609375,48.73950322469076,45.87272834777832,51.57361049994887,49.44410933549511,47.22171985672922,-0.12371174026724552,AAPL,Technology
2019-10-31 00:00:00-04:00,54.142195836042134,60.079147263907565,51.75107519392045,59.84099197387695,105791773.91304348,0.0,0,0.13917002033693995,0.11068411376093024,55.65375352946534,4.497579190814662,3.668064392882675,0.8295147979319868,54.64416376749674,50.72876866658529,46.539157231648765,55.70730123691291,52.41464723217564,49.16314633629041,-0.02508119352386562,AAPL,Technology
2019-11-30 00:00:00-05:00,60.02863102849158,64.66287788127046,59.937221805325485,64.48191833496094,89666300.0,0.1925,0,0.07328653051847575,0.0775543019592646,59.734103363035416,5.386435478568487,4.011738610019838,1.3746968685486491,59.400169372558594,54.48326555887858,48.37516180674235,60.094609785936925,55.86243897582858,51.51988048993203,-0.15242653862953437,AAPL,Technology
2019-12-31 00:00:00-05:00,64.48674938004301,70.9288905053271,61.83749749069341,70.85169982910156,113752133.33333333,0.0,0,0.1283158066293775,0.09878399493408119,65.50770029611807,6.529579692397448,4.51530682649536,2.014272865902088,65.05820337931316,58.38673718770345,51.15480009714762,65.47315480751925,60.145084933906574,54.494006542111954,0.268616340066818,AAPL,Technology
2020-01-31 00:00:00-05:00,71.4765996590847,79.1034389225781,70.63454677653742,74.67838287353516,139731923.80952382,0.0,0,0.1134048679171644,0.054009756345490434,78.921146530594,7.656056801450198,5.143456821486327,2.5125999799638707,70.00400034586589,62.32408205668131,54.0809907913208,70.0757688405272,64.29745577380045,57.599295208484754,0.22838947907957619,AAPL,Technology
2020-02-29 00:00:00-05:00,73.42133019707448,79.13881418044723,62.00361420698183,66.11267852783203,158909431.57894737,0.1925,0,0.259181753863623,-0.11470125645608586,74.1165823846923,7.768071776105522,5.6683798124101665,2.0996919636953555,70.54758707682292,64.97387822469075,56.145744959513344,68.09422368417961,64.8160908463809,58.909046488384334,0.13724499918547917,AAPL,Technology
2020-03-31 00:00:00-04:00,68.26999310714803,73.52300347304629,51.42015363881515,61.50054168701172,285457836.3636364,0.0,0,0.3593927667615817,-0.06976176042963833,67.72674324189855,7.399388013663426,6.014581452660819,1.3848065610026072,67.43053436279297,66.24436887105306,57.49193604787191,64.79738268559566,63.86879108656113,59.30773805740394,0.7963555311178547,AAPL,Technology
2020-04-30 00:00:00-04:00,59.61651626922201,71.2326611643709,57.29473381628088,71.05610656738281,155490438.0952381,0.0,0,0.19615382859279826,0.15537367018653647,71.3331682767352,7.788476987806334,6.369360559689921,1.4191164281164124,66.22310892740886,68.11355463663737,59.42116165161133,67.92674462648924,65.92230979536733,61.11517936663146,-0.45529455391386287,AAPL,Technology
2020-05-31 00:00:00-04:00,69.23015344644766,78.63036319231934,69.13341409681881,77.10257720947266,140296800.0,0.205,0,0.12317291378859059,0.08509431397505507,72.14720543251657,8.486900742554454,6.792868596262828,1.694032146291626,69.88640848795573,70.21699778238933,62.35013167063395,72.51466091798095,69.11667191368313,63.57477903476088,-0.09771429215429939,AAPL,Technology
2020-06-30 00:00:00-04:00,77.05648725614977,90.3046443458434,76.92553159427727,88.46643829345703,147426163.63636363,0.0,0,0.15123376739985298,0.14738626768740803,75.19367064775406,9.843900856335296,7.403075048277322,2.4408258080579737,78.87504069010417,73.15278752644856,65.769762357076,80.490549605719,74.64517659361853,67.40426507456029,0.05081629542771915,AAPL,Technology
2020-07-31 00:00:00-04:00,88.5440368956825,103.2253956841153,86.47304800936116,103.07504272460938,137285600.0,0.0,0,0.1625257407800664,0.16513159920255083,84.27682148339771,11.960255135357109,8.31451106569328,3.645744069663829,89.54801940917969,77.88556416829427,70.1048231124878,91.78279616516419,82.76799548818735,72.89207702072169,-0.06878401625762975,AAPL,Technology
2020-08-31 00:00:00-04:00,104.95687415756016,127.30263641002203,104.65859571736621,125.39794921875,193812433.33333334,0.205,1,0.18057744033081838,0.21656946147266543,86.77568006914012,15.262812935999577,9.704171439754539,5.558641496245038,105.64647674560547,87.7664426167806,76.37016042073567,108.5903726919571,94.94798226834811,80.96990351272603,0.4117462671491645,AAPL,Technology
2020-09-30 00:00:00-04:00,129.01294820319362,134.0856162874723,100.19009219073692,112.54135131835938,185011671.42857143,0.0,0,0.3011828425700257,-0.10252638085781596,76.6785738640163,16.65075425287064,11.093488002377761,5.55726625049288,113.67144775390625,96.2732442220052,81.25880654652913,110.56586200515824,99.9746591397799,85.82704932897731,-0.0454086549216669,AAPL,Technology
2020-10-31 00:00:00-04:00,114.31969839365316,121.85096395135838,104.67968991872881,105.78751373291016,131575750.0,0.0,0,0.16231853294126186,-0.06001205340376459,72.93583832809242,17.00965280767258,12.276720963436725,4.732931844235855,114.57560475667317,102.06181208292644,85.0876833597819,108.1766878690342,101.63547473781712,88.89789000650543,-0.2888245969346953,AAPL,Technology
2020-11-30 00:00:00-05:00,106.03046563409058,118.7514525250263,104.29098593931357,115.8895034790039,106153865.0,0.205,0,0.12477805281418411,0.09549321455459303,74.30153406858209,17.902855668728037,13.401947904494989,4.500907764233048,111.40612284342448,108.52629979451497,89.37164878845215,112.03309567401905,105.7080543781562,93.05044592535134,-0.19321102102781096,AAPL,Technology
2020-12-31 00:00:00-05:00,117.79747916584601,135.10549899111095,116.82402674797702,129.16738891601562,105554072.72727273,0.0,0,0.14153318725843803,0.11457366748850828,75.69491504623106,19.45784186916015,14.613126697428022,4.844715171732126,116.94813537597656,115.3097915649414,94.23128954569499,120.60024229501734,112.41072138897319,98.60689869314585,-0.005650216058805446,AAPL,Technology
2021-01-31 00:00:00-05:00,129.97537753773977,141.23816756160053,123.02490637051051,128.456787109375,117908526.31578948,0.0,0,0.14178512168128787,-0.005501402580047943,74.42299236831184,20.397707929149476,15.770042943772314,4.627664985377162,124.50455983479817,119.54008229573567,98.71282323201497,124.52851470219616,116.99531159480227,103.19918921871957,0.11704383610510027,AAPL,Technology
2021-02-28 00:00:00-05:00,130.19922693086417,134.42016235628924,115.41924089427319,118.21722412109375,96518715.78947368,0.205,0,0.1607288751980235,-0.07971212124091764,67.56328934873156,20.08478647931642,16.632991650881138,3.4517948284352826,125.2804667154948,118.34329477945964,103.05486869812012,121.37286941164496,117.34442945945699,105.50965612677714,-0.18141021005578817,AAPL,Technology
2021-03-31 00:00:00-04:00,120.64474122239031,125.49000982131201,113.29394800099358,119.08488464355469,115235573.91304348,0.0,0,0.10241486026395147,0.007339544037780588,66.83551793483583,19.679948730050157,17.242383066714943,2.4375656633352136,121.91963195800781,119.43388366699219,107.8535639444987,120.22887702759982,117.8417023691992,107.59815282166599,0.19391946909441837,AAPL,Technology
2021-04-30 00:00:00-04:00,120.55699346889742,133.63046521276726,119.41634671803331,128.1613006591797,89993214.28571428,0.0,0,0.11090803871079355,0.07621803592280041,73.43330398805197,19.86253981970566,17.766414417313086,2.0961254023925733,121.82113647460938,123.16284815470378,112.61233011881511,124.19508884338975,120.79015902347933,110.76171402743734,-0.21905006214814382,AAPL,Technology
2021-05-31 00:00:00-04:00,128.7266884414814,130.7057629484472,119.38482206893003,121.68951416015625,85596745.0,0.22,0,0.09303135900943445,-0.050497197404651084,72.41612403816194,19.26297391772212,18.065726317394894,1.197247600327227,122.9785664876302,124.1295166015625,116.32790819803874,122.942301501773,121.04711763395845,112.44291404785562,-0.04885334211706438,AAPL,Technology
2021-06-30 00:00:00-04:00,122.14847888043448,134.18948074107257,120.24419788428176,133.75003051757812,73026818.18181819,0.0,0,0.10426377327037731,0.0991089202768034,72.92136627936168,19.53579995558951,18.359741045033818,1.1760589105556924,127.86694844563802,124.89329020182292,120.10154088338216,128.34616600967556,124.67652131499264,115.72093196627446,-0.14685052355883177,AAPL,Technology
2021-07-31 00:00:00-04:00,133.39850004575504,146.4844100450272,132.5781758729055,142.44146728515625,91382623.8095238,0.0,0,0.09762770938242697,0.06498268997729939,73.43514093239368,20.220256337593398,18.731844103545736,1.4884122340476615,132.62700398763022,127.2240702311198,123.38207626342773,135.39381664741592,129.75222016361082,119.83178355379474,0.25135705052908563,AAPL,Technology
2021-08-31 00:00:00-04:00,142.9297606339798,150.11723565003402,141.32477074631083,148.4936981201172,66433763.63636363,0.22,0,0.059211030602867226,0.04248924804210885,72.3828583662988,21.008880107050942,19.18725130424678,1.8216288028041632,141.56173197428384,132.27014923095703,125.30672200520833,141.94375738376655,135.10692815118406,124.24130887169049,-0.2730153625831876,AAPL,Technology
2021-09-30 00:00:00-04:00,149.47169736941174,153.8043695479327,138.16575516526504,138.3906707763672,85611195.23809524,0.0,0,0.11300338595756165,-0.06803674143516591,63.62628050045581,20.58139079237182,19.46607920187179,1.1153115905000313,143.10861206054688,135.48778025309244,127.46083196004231,140.16721408006686,136.04514032980782,126.4181337801023,0.28866995563735487,AAPL,Technology
2021-10-31 00:00:00-04:00,138.7818766539813,149.804244404835,135.23162663288193,146.50828552246094,74527580.95238096,0.0,0,0.09946616821011788,0.05865723968641956,59.14808599215513,20.65947651369484,19.7047586642364,0.9547178494584401,144.46421813964844,138.5456110636393,130.85422960917154,143.3377498012639,139.03461038485156,129.50892635584978,-0.12946454321644962,AAPL,Technology
2021-11-30 00:00:00-05:00,145.71610716586716,162.29542845267346,144.44978082602336,161.90365600585938,80525190.47619048,0.22,0,0.11022387058389999,0.10508191006738787,70.93043207421945,21.713339877923318,20.106474906973784,1.606864970949534,148.9342041015625,145.2479680379232,134.68874231974283,152.62070290356164,145.56862341942522,134.4927309173897,0.08047503282900959,AAPL,Technology
2021-12-31 00:00:00-05:00,164.03887803890356,178.38787299583686,154.55778930916287,173.9215545654297,111125759.0909091,0.0,0,0.1370162757929412,0.07422870400860737,77.65539432030513,23.250263596781195,20.735232644935266,2.5150309518459295,160.77783203125,151.94322204589844,138.4182561238607,163.27112873449568,153.6694608897122,140.55870378631894,0.38001237170331836,AAPL,Technology
2022-01-31 00:00:00-05:00,174.17620137564992,179.1812320747434,151.5214395660685,171.18885803222656,105422300.0,0.0,0,0.1615747241182479,-0.015712236128702983,73.87406443911802,23.971452956807113,21.38247670730964,2.588976249497474,169.00468953450522,156.7344538370768,141.9792620340983,167.22999338336112,158.6750029304306,145.27103520876625,-0.05132436563374332,AAPL,Technology
2022-02-28 00:00:00-05:00,170.43466091747592,173.2408912177467,149.06659738297807,161.93336486816406,85658752.63157895,0.22,0,0.14928544129525018,-0.0540659787701846,64.65484306730394,23.524978465599574,21.810977058967627,1.7140014066319473,169.01459248860678,158.97439829508463,145.62227376302084,164.5816791257626,159.60596348406872,147.8344705409813,-0.18747027306766262,AAPL,Technology
2022-03-31 00:00:00-04:00,161.5215128724912,176.14375060919454,147.20328761828517,171.24024963378906,94817395.6521739,0.0,0,0.1690050268718999,0.057473546438080225,67.76890174601672,23.6495151450669,22.17868467618748,1.47083046887942,168.1208241780599,164.44932810465494,149.9685541788737,167.91096437977583,162.93004524113167,151.4353596321825,0.10692010727714618,AAPL,Technology
2022-04-30 00:00:00-04:00,170.6714802176125,175.04540647336353,152.38137914765707,154.60755920410156,84389780.0,0.0,0,0.14659068057459643,-0.09713072986787763,64.35156985386641,22.150752165699373,22.17309817408986,-0.022346008390485395,162.5937245686849,165.79920705159506,152.1724090576172,161.25926179193868,160.5521920876945,151.92339033555467,-0.10997576531659181,AAPL,Technology
2022-05-31 00:00:00-04:00,153.68569876055605,163.26715427373458,130.2418708685785,146.1820831298828,114335252.38095239,0.23,0,0.22591881780623624,-0.05449588699020891,60.08534001751007,20.051959692574002,21.74887047778669,-1.6969107852126868,157.34329732259116,163.17894490559897,154.21345647176108,153.72067246091075,156.44644667117686,151.04011230391282,0.35484714358720204,AAPL,Technology
2022-06-30 00:00:00-04:00,147.2231036462002,149.03025660842948,126.73563740296159,134.27845764160156,83290466.66666667,0.0,0,0.16603273225682832,-0.08143012627412671,52.229825037599994,17.229517292141992,20.84499984065775,-3.6154825485157573,145.02269999186197,156.57176208496094,154.2574920654297,143.99956505125616,150.11273551986963,148.4613962020188,-0.2715241805812255,AAPL,Technology
2022-07-31 00:00:00-04:00,133.6105999003664,160.70793488273625,133.2373961064284,159.60792541503906,72356270.0,0.0,0,0.1721126235108588,0.18863388974159645,62.15143404780554,16.842438569546204,20.044487586435444,-3.202049016889241,146.68948872884116,154.64160664876303,155.68803024291992,151.8037452331476,152.82564691848947,150.17624685017574,-0.13127788934627982,AAPL,Technology
2022-08-31 00:00:00-04:00,158.13469189637678,173.24469851120912,154.54817926746995,154.62686157226562,65662591.30434783,0.23,0,0.12091378595950655,-0.03120812346768398,57.008236028593856,15.949885320002949,19.225567133148946,-3.2756818131459973,149.5044148763021,153.42385609944662,156.19912719726562,153.2153034027066,153.34027967671122,150.86095680742034,-0.09251000218297833,AAPL,Technology
2022-09-30 00:00:00-04:00,154.05645479166745,161.5507634451195,135.72389496609006,135.92059326171875,99272514.28571428,0.0,0,0.19001438898444992,-0.12097683494535916,47.94889221019449,13.576588460744517,18.09577139866806,-4.519182937923542,150.05179341634116,147.53724670410156,155.99328740437826,144.56794833221267,148.3632264152848,148.56243933885088,0.5118580048963279,AAPL,Technology
2022-10-31 00:00:00-04:00,135.93043653465315,154.9022919241191,132.15375604675947,150.81088256835938,88959033.33333333,0.0,0,0.1508414743680597,0.10955138547673182,50.69046898275236,12.750278234097465,17.026672765753943,-4.276394531656479,147.11944580078125,146.9044672648112,156.35183715820312,147.68941545028602,149.06255674473468,148.9083536818522,-0.10389059878848161,AAPL,Technology
2022-11-30 00:00:00-05:00,152.52221012298716,152.88610277414685,132.3828281448323,145.82994079589844,82135604.76190476,0.23,0,0.14059715390003927,-0.03302773438914919,52.28653274702845,11.560241781410184,15.933386568885194,-4.37314478747501,144.18713887532553,146.8457768758138,155.0123608907064,146.75967812309221,148.1389521879243,148.43475169939776,-0.07670304313965381,AAPL,Technology
2022-12-31 00:00:00-05:00,146.00729966926298,148.67701012513257,123.99932216789122,127.99893951416016,79796723.8095238,0.0,0,0.19279603448988986,-0.12227256751543436,44.631522894954735,9.073720335531789,14.561453322214515,-5.487732986682726,141.5465876261393,145.79919052124023,151.1854763031006,137.37930881862619,142.3846628525631,145.2907805939766,-0.02847584746177878,AAPL,Technology
2023-01-31 00:00:00-05:00,128.3437644584535,145.04186713056833,122.32457128587431,142.1455535888672,72182625.0,0.0,0,0.15981714004505615,0.11052133813297749,44.227516967493706,8.150691603717263,13.279300978515064,-5.128609374797801,138.65814463297525,142.88879521687826,148.76520093282065,139.7624312037467,142.31634592007856,144.80689951626744,-0.09541868946523158,AAPL,Technology
2023-02-28 00:00:00-05:00,141.83033773006647,155.0410292646019,139.21972769926688,145.44090270996094,68799942.10526316,0.23,0,0.1087816513136331,0.023182920871552604,41.23229073589913,7.597512423451633,12.142943267502378,-4.545430844050745,138.5284652709961,141.3578020731608,147.3908290863037,142.60166695685382,143.20907643147353,144.90443846914334,-0.046862841227190644,AAPL,Technology
2023-03-31 00:00:00-04:00,144.86865768902635,162.7959663866168,141.977792498003,162.69729614257812,66098547.82608695,0.0,0,0.12795648349539884,0.11864883338238053,47.60046143330629,8.454106987116688,11.405176011425242,-2.951069024308554,150.0945841471354,145.82058588663736,146.67891629536948,152.64948154971597,148.77713920607485,147.64180118813331,-0.03926448477301192,AAPL,Technology
2023-04-30 00:00:00-04:00,162.07570339841976,167.5811640335514,157.64566258721274,167.41342163085938,51040863.15789474,0.0,0,0.05934710221887758,0.02898711656614328,51.589323408755995,9.405100123103267,11.005160833760847,-1.60006071065758,158.51720682779947,148.58767573038736,147.74607149759927,160.03145159028767,154.10179132744184,150.6835889485527,-0.22780658824473354,AAPL,Technology
2023-05-31 00:00:00-04:00,167.01875886308395,177.19902686801004,162.11516752574818,175.12420654296875,57971122.72727273,0.24,0,0.08613234937661722,0.04605834369188977,51.13694918003907,10.658104936331085,10.935749654274895,-0.27764471794380974,168.4116414388021,153.47005335489908,150.15791511535645,167.57782906662823,160.10819567473524,154.44368396307826,0.1357786514687116,AAPL,Technology
2023-06-30 00:00:00-04:00,175.56880955803746,192.14755478947328,174.8080400825605,191.6436767578125,61780157.14285714,0.0,0,0.0904778858361468,0.09433002176538352,60.84875932907869,12.836136474530349,11.315827018325987,1.5203094562043624,178.06043497721353,164.07750956217447,154.93835004170737,179.61075291222036,169.11833312704303,160.16675977765274,0.06570572099326344,AAPL,Technology
2023-07-31 00:00:00-04:00,191.45597092726317,195.85258285437448,184.3620796809065,194.09396362304688,49805700.0,0.0,0,0.059200724015219086,0.012785638987353076,64.54363610055009,14.59175516208947,11.971012647078684,2.620742515010786,186.95394897460938,172.73557790120444,157.81218655904135,186.85235826763363,176.2542275544727,165.38632960002107,-0.1938236757016989,AAPL,Technology
2023-08-31 00:00:00-04:00,193.88647197429418,194.37058568804014,170.12708024206367,185.86749267578125,57506860.86956522,0.24,0,0.1304343492073987,-0.04238396080798468,66.01740750763315,15.144709384046621,12.605751994472271,2.5389573895743496,190.53504435221353,179.4733428955078,160.41557248433432,186.35992547170744,179.00087473198943,168.53727776552265,0.15462408659180005,AAPL,Technology
2023-09-30 00:00:00-04:00,187.47023078000296,187.95499277883354,165.83332157268651,169.38507080078125,66891150.0,0.0,0,0.13059988759083127,-0.08867834626548265,53.21207757812393,14.09050927294129,12.902703450166076,1.1878058227752142,183.11550903320312,180.58797200520834,163.20427894592285,177.87249813624436,176.25350218021566,168.66770746325474,0.16318555714108363,AAPL,Technology
2023-10-31 00:00:00-04:00,169.39494849088058,180.3964135971746,163.90408701182272,168.94976806640625,53309859.09090909,0.0,0,0.09761674593639867,-0.002569900241603751,54.85036492993508,13.069268406251155,12.936016441383092,0.13325196486806234,174.7341105143229,180.84402974446616,164.71585273742676,173.4111331013253,174.16672100484155,168.7111014022011,-0.20303569170347502,AAPL,Technology
2023-11-30 00:00:00-05:00,169.1773025316942,191.12502655036587,168.30667766450742,188.17294311523438,52364361.9047619,0.24,0,0.1212626454584644,0.11378041691819551,67.63320668535714,13.65368603987622,13.079550361081719,0.5741356787945016,175.50259399414062,183.0188191731771,168.2444362640381,180.79203810827983,178.16849875066808,171.7052308965139,-0.01773587854612102,AAPL,Technology
2023-12-31 00:00:00-05:00,188.54934617033052,197.75244424587422,185.69630404843608,190.72879028320312,53159060.0,0.0,0,0.06321090895368556,0.013582437122235946,64.69404894556328,14.159850785718135,13.295610446009004,0.8642403397091307,182.6171671549479,182.86633809407553,173.471923828125,185.76041419574148,181.75715347424952,174.63193234061993,0.015176315844036559,AAPL,Technology
2024-01-31 00:00:00-05:00,185.3991117688797,194.54272920016803,178.4844245514249,182.67481994628906,56547180.952380955,0.0,0,0.08790650322504587,-0.04222734451864951,63.262788607166236,13.752570821416299,13.387002521090464,0.365568300325835,187.1921844482422,180.96314748128256,176.8493626912435,184.21761707101527,182.01934389483225,175.869299664569,0.06373553167382862,AAPL,Technology
2024-02-29 00:00:00-05:00,182.26865674153308,189.26261088240534,177.57302274507782,179.2874755859375,58077675.0,0.24,0,0.06520024948270507,-0.01854302832403243,70.60449895584321,13.006536873956122,13.310909391663596,-0.3043725177074741,184.23036193847656,179.8664779663086,179.6699104309082,181.7525463284764,181.23881009229092,176.39517288324106,0.027065788636004617,AAPL,Technology
2024-03-31 00:00:00-04:00,178.0971730296413,179.06923911535185,167.12666995146384,170.09246826171875,71657590.0,0.0,0,0.07021221624882389,-0.05128638960511955,61.692491885609336,11.540309842259575,12.956789481782792,-1.4164796395232173,177.3515879313151,179.9843775431315,180.28617477416992,175.92250729509757,178.05414099784173,175.42552601839148,0.2338233236781604,AAPL,Technology
2024-04-30 00:00:00-04:00,169.80483820681948,176.91679662448954,162.7523477339115,168.9517822265625,56642913.63636363,0.0,0,0.0838372268342435,-0.006706270105982015,60.01713721408451,10.169048069980477,12.399241199422331,-2.2301931294418544,172.7772420247396,179.98471323649088,180.41437149047852,172.43714476083005,175.45346706319052,174.42956543503317,-0.2095336497311222,AAPL,Technology
2024-05-31 00:00:00-04:00,168.20784791968214,191.69800175645932,167.74164970644674,190.95306396484375,60750513.63636363,0.25,0,0.12545675650652652,0.13022225304955803,61.570921437181966,10.733899092815847,12.066172778101036,-1.3322736852851893,176.665771484375,180.44806671142578,181.73344294230142,181.6951043628369,179.88192332080573,176.97164213192713,0.07251745604701743,AAPL,Technology
2024-06-30 00:00:00-04:00,191.5986723140291,218.7145040828182,190.8537269722117,209.1991424560547,90418531.57894737,0.0,0,0.13317825677253464,0.09555268772524239,65.40451874748624,12.509650183022018,12.154868259085234,0.354781923936784,189.70132954915366,183.52645874023438,183.19639841715494,195.4471234094458,188.25827164516258,181.92971910486983,0.4883583062386694,AAPL,Technology
2024-07-31 00:00:00-04:00,210.65921399467373,235.6296052667538,210.4903626519942,220.58181762695312,52413627.27272727,0.0,0,0.11396788223621845,0.054410716206876986,66.31644117326817,14.666367715386002,12.657168150345388,2.009199565040614,206.91134134928384,189.84429168701172,185.40371958414713,208.01447051819946,197.49357049710275,187.87619580057495,-0.4203220694093751,AAPL,Technology
2024-08-31 00:00:00-04:00,222.8563831356547,231.61648594304322,194.6777624827749,227.71841430664062,51030318.18181818,0.25,0,0.16221228121906484,0.03235351288906729,63.88374783451273,16.7582667398014,13.47738786823659,3.280878871564809,219.1664581298828,197.9161148071289,188.89129638671875,217.86644241242004,206.1292401569707,194.00576787843121,-0.026392164841239296,AAPL,Technology
2024-09-30 00:00:00-04:00,227.2709519194148,231.78551472560144,212.7227974671536,231.69602966308594,61604885.0,0.0,0,0.082274682419752,0.017467253882635703,64.30340321870091,18.523544217680325,14.486619138125338,4.036925079554987,226.66542053222656,208.1833750406901,194.0838762919108,224.781236037753,213.4340371587179,199.80426969145503,0.20722125973240502,AAPL,Technology
2024-10-31 00:00:00-04:00,228.23551952322458,236.16090332060597,220.09135491038006,224.64572143554688,40466782.60869565,0.0,0,0.07153284873416306,-0.03042912836180689,64.88398390866207,19.133084101369434,15.415912130774158,3.7171719705952757,228.02005513509116,217.4656982421875,198.7252057393392,224.71347873664993,216.6373755235262,203.62603149823838,-0.3431238024598918,AAPL,Technology
2024-11-30 00:00:00-05:00,219.73336072670745,236.73929396987336,218.48041626355018,236.26145935058594,44579415.0,0.25,0,0.0772825062391112,0.051706918078881614,76.66488081933038,20.31921456641254,16.396572617901835,3.922641948510705,230.86773681640625,225.01709747314453,202.73258209228516,230.48746904361792,222.24425661697182,208.64686655244572,0.10162983380894275,AAPL,Technology
2024-12-31 00:00:00-05:00,236.20169939396317,258.9289447577566,236.0921940598225,249.29251098632812,46567433.333333336,0.0,0,0.0916062444378304,0.05515521520759559,79.11024308818996,22.05647515166035,17.52855312465354,4.5279220270068095,236.7332305908203,231.69932556152344,207.6128921508789,239.88999001497302,229.97232929393078,214.90004261919685,0.04459498477791457,AAPL,Technology
2025-01-31 00:00:00-05:00,247.80920478270548,247.97845273823052,218.39227174297113,234.93743896484375,60008820.0,0.0,0,0.1259321678384631,-0.057583246142005606,67.5635662184404,22.021086957173026,18.42705989115744,3.5940270660155846,240.16380310058594,234.09192911783853,211.96811040242514,237.4137144899084,231.39093205704876,217.9827189800656,0.28864349405843703,AAPL,Technology
2025-02-28 00:00:00-05:00,228.95449458875606,249.14802415538517,224.6838014511222,241.01583862304688,45382752.631578945,0.25,0,0.10150462660060051,0.025872418142400377,68.3996987811221,22.227295188275548,19.187106950581065,3.0401882376944833,241.74859619140625,236.30816650390625,217.11214065551758,239.21477655647763,234.14090536161964,221.52627584821659,-0.24373196087543558,AAPL,Technology
2025-03-31 00:00:00-04:00,240.96599177281342,243.1983635012748,207.7097381833997,221.37301635742188,53106642.85714286,0.0,0,0.16031143226858452,-0.08150013035594195,63.05248910948018,20.568603049707406,19.463406170406333,1.1051968793010722,232.44209798177084,234.58766428629556,221.38551966349283,230.29389645694977,230.492937074706,221.50269746501738,0.17019439715935958,AAPL,Technology
2025-04-30 00:00:00-04:00,219.06091135294477,224.4225869866718,168.63337548243626,211.77584838867188,76538980.95238096,0.0,0,0.2634351930530137,-0.04335292587446482,60.51740612689028,18.26907184335394,19.224539304995858,-0.9554674616419163,224.72156778971353,232.44268544514975,224.9541918436686,221.03487242281082,225.1451974501248,220.0062591455796,0.4412317712921754,AAPL,Technology
2025-05-31 00:00:00-04:00,208.3674918385056,213.82881264887993,192.59143085844198,200.4280242919922,56939438.0952381,0.26,0,0.10596014137972251,-0.05358412766621545,59.68547683436526,15.354010749827864,18.45043359396226,-3.096422844134395,211.19229634602866,226.47044626871744,225.743771870931,210.73144835740152,218.08314797637263,216.99422301425847,-0.25607269149999257,AAPL,Technology
2025-06-30 00:00:00-04:00,199.85921507319503,206.95427439094752,194.66017014117494,204.7389373779297,55020465.0,0.0,0,0.06004770957211115,0.021508534553317693,61.19933694454135,13.23904699680017,17.408156274529844,-4.1691092777296745,205.6476033528646,219.04485066731772,225.37208811442056,207.7351928676656,214.27051637681748,215.10879445482328,-0.0337020026792042,AAPL,Technology
2025-07-31 00:00:00-04:00,206.23578409144605,215.77570049162512,205.70689884063935,207.1339111328125,49087981.81818182,0.0,0,0.04861010732583392,0.01169769554123401,55.77197909862835,11.622203820352581,16.25096578369439,-4.628761963341809,204.10029093424478,214.41092936197916,224.25142923990884,207.43455200023905,212.2314863071018,213.88188932836007,-0.10782321054208066,AAPL,Technology
2025-08-31 00:00:00-04:00,210.4269561886582,234.89229562265464,201.07664747870345,231.91517639160156,58003766.666666664,0.26,0,0.14581041512717394,0.11963886127221102,57.74221497375261,12.199852647821501,15.440743156519813,-3.240890508698312,214.59600830078125,212.89415232340494,224.6011594136556,219.6748641959203,217.85539775981601,216.65624118424338,0.1816286699564924,AAPL,Technology
2025-09-30 00:00:00-04:00,229.02798202980685,257.3505275669758,225.73117543382176,254.38340759277344,60263638.0952381,0.0,0,0.12429801311479995,0.09688124576734491,60.71107892789267,14.305734387409785,15.213741402697808,-0.9080070152880229,231.1441650390625,218.39588419596353,226.49177424112955,237.02913589434687,228.29197199780384,222.46042063170955,0.03896077028166722,AAPL,Technology
2015-01-31 00:00:00-05:00,39.84764953068682,40.91515333637416,34.45891480547717,34.501617431640625,45948340.0,0.0,0,0.18712857574544098,,,0.0,0.0,0.0,,,,34.501617431640625,34.501617431640625,34.501617431640625,,MSFT,Technology
2015-02-28 00:00:00-05:00,34.663876574405954,38.101456819455436,34.356435907319835,37.714412689208984,34553142.10526316,0.31,0,0.09929946259529432,0.09312013455409707,,0.2562913595780998,0.05125827191561996,0.20503308766247982,,,,36.108015060424805,35.41955893380301,34.99589362511268,-0.24800020838047343,MSFT,Technology
2015-03-31 00:00:00-04:00,37.559607856840984,38.00684884832035,34.86756715035134,34.97077560424805,37469786.36363637,0.0,0,0.0897687181289645,-0.07274770808630304,,0.23530309766002944,0.08806723706450187,0.14723586059552757,35.72893524169922,,,35.539395332336426,35.291335125358735,34.99202931421043,0.08441039166533404,MSFT,Technology
2015-04-30 00:00:00-04:00,34.91915388209642,42.60825405446515,34.506327153626934,41.83418273925781,41644538.0952381,0.0,0,0.19366762705358764,0.19626122144617342,,0.7636860474097915,0.22319099913355983,0.5404950482762316,38.17312367757162,,,38.68678903579712,37.16072015790133,36.044668302679256,0.11141648076363841,MSFT,Technology
2015-05-31 00:00:00-04:00,41.78259012055098,42.06640750431757,39.58079018938053,40.56519317626953,31653640.0,0.31,0,0.06127463276548905,-0.030333795950971076,,1.0677283813923353,0.39209847558531497,0.6756299058070203,39.12338383992513,,,39.625991106033325,38.13342673457796,36.74013366784699,-0.23990896651055715,MSFT,Technology
2015-06-30 00:00:00-04:00,40.73830946950101,41.35293253754719,38.037430330244746,38.21922302246094,30220609.09090909,0.0,0,0.08674959732577417,-0.05783209619179075,,1.1066274241643868,0.5350042653011293,0.5716231588632574,40.206199645996094,37.967567443847656,,38.92260706424713,38.15793995968738,36.967685876249135,-0.0452722312217777,MSFT,Technology
2015-07-31 00:00:00-04:00,38.48757902023457,41.03264803315663,37.500725167252405,40.426673889160156,32975368.181818184,0.0,0,0.08736615026969269,0.057757607092167484,,1.3005856900710384,0.6881205502551112,0.6124651398159272,39.737030029296875,38.95507685343424,,39.674640476703644,38.80614965382246,37.49983787823545,0.0911549824367297,MSFT,Technology
2015-08-31 00:00:00-04:00,40.669065907500766,41.906955850249474,34.611050916329354,37.92228698730469,36975252.38095238,0.31,0,0.19239095301300219,-0.0619488733780541,,1.23794565335335,0.798085570874759,0.439860082478591,38.85606129964193,38.98972256978353,,38.798463732004166,38.55361746338881,37.56483004886148,0.12129915205433961,MSFT,Technology
2015-09-30 00:00:00-04:00,36.74592494718501,39.211908114158504,36.30152464222957,38.567100524902344,32051423.80952381,0.0,0,0.07546285389148528,0.0170035509148887,,1.2261991756951005,0.8837082918388274,0.34249088385627313,38.9720204671224,39.58911005655924,,38.682782128453255,38.557469766678395,37.71902550671392,-0.13316551624039918,MSFT,Technology
2015-10-31 00:00:00-04:00,38.99408533805178,47.37670795102095,38.12270912938023,45.869224548339844,38941672.72727273,0.0,0,0.20174744423438581,0.18933557161556913,,1.785527935232004,1.0640722205174629,0.7214557147145411,40.78620402018229,40.261617024739586,,42.27600333839655,40.64654256143881,38.97290228234868,0.21497481543086816,MSFT,Technology
2015-11-30 00:00:00-05:00,46.05223504375188,48.21363148641792,45.77339025053726,47.67850875854492,33131330.0,0.36,0,0.0511811568654256,0.03944440369377378,,2.3477309409797584,1.320803964609922,1.0269269763698363,44.03827794392904,41.447169621785484,,44.977256048470736,42.655675760611985,40.31222635560964,-0.1492062954759379,MSFT,Technology
2015-12-31 00:00:00-05:00,47.731130711775506,49.87164132810108,47.090741663891684,48.6697998046875,36037313.63636363,0.0,0,0.05713809539733423,0.020791150393622893,,2.84052596123248,1.6247483639344336,1.2157775972980462,47.405844370524086,43.18893241882324,40.57824993133545,46.82352792657912,44.37399691606213,41.598006886237,0.08771104680565589,MSFT,Technology
2016-01-31 00:00:00-05:00,47.65219333986831,48.5908522625026,43.07293157848295,48.32766342163086,48837615.78947368,0.0,0,0.11417727018744915,-0.0070297470799065565,,3.1669553287509586,1.9331897568977388,1.2337655718532199,48.22532399495443,44.50576400756836,41.730420430501304,47.57559567410499,45.50361591765319,42.63333866091298,0.35519579184708827,MSFT,Technology
2016-02-29 00:00:00-05:00,48.143454072704294,48.327675666761316,42.27463786709259,44.95491027832031,40738545.0,0.36,0,0.13464686643113655,-0.06978928639452786,64.67786417468764,3.117562641400191,2.170064333798229,0.9474983076019621,47.317457834879555,45.6778678894043,42.33379522959391,46.26525297621265,45.3468428778438,42.9905035251295,-0.16583673585513836,MSFT,Technology
2016-03-31 00:00:00-04:00,45.034445850035155,49.16061386744746,44.689865605885814,48.79835510253906,29141404.545454547,0.0,0,0.0916167820035603,0.08549555099595585,68.11893216087205,3.349936474708059,2.406038761980195,0.943897712727864,47.36030960083008,47.383076985677086,43.486093521118164,47.53180403937586,46.33298922775673,43.88401915242328,-0.2846724264341167,MSFT,Technology
2016-04-30 00:00:00-04:00,48.639302027799616,50.159018058677766,43.60309277906819,44.062538146972656,33286938.095238097,0.0,0,0.14878682788862457,-0.0970487006296652,57.746244163864525,3.116033863611115,2.548037782306379,0.5679960813047358,45.93860117594401,47.08196258544922,43.6717898050944,45.797171093174256,45.68428891896128,43.91148361312318,0.14225579083936668,MSFT,Technology
2016-05-31 00:00:00-04:00,44.17739344550448,47.155574798583984,43.70028359907254,47.155574798583984,25271657.14285714,0.36,0,0.07327428865558437,0.07019651571805419,64.74268250310439,3.144004441215152,2.6672311140881337,0.4767733271270185,46.6721560160319,46.99480692545573,44.220988273620605,46.47637294587912,46.104656313139195,44.41057456473254,-0.24079357883408303,MSFT,Technology
2016-06-30 00:00:00-04:00,46.65733310082106,47.11109626206027,42.742526186678404,45.52737808227539,37437590.90909091,0.0,0,0.09595479158688097,-0.03452819148665087,55.116689605427595,3.0002049626385343,2.733825883798214,0.2663790788403202,45.58183034261068,46.471069971720375,44.83000119527181,46.001875514077256,45.93971967574954,44.58239049050837,0.48140625276219295,MSFT,Technology
2016-07-31 00:00:00-04:00,45.491768580835576,50.9725040645565,44.83338981102582,50.42976760864258,32379390.0,0.0,0,0.12173592194937209,0.10768003194710163,62.41667403714008,3.2444249919238786,2.835945705423347,0.40847928650053156,47.70424016316732,46.821420669555664,45.66359233856201,48.21582156135992,47.222590513718984,45.48198697022132,-0.13511021372538778,MSFT,Technology
2016-08-31 00:00:00-04:00,50.35860044058987,52.55253251666553,49.94932639955633,51.44239807128906,20307778.260869566,0.36,0,0.050604291687601145,0.020080014457035444,67.22227058111356,3.4795716045730956,2.964670885253297,0.5149007193197987,49.13318125406901,47.90266863505045,46.79026826222738,49.82910981632449,48.42824981588187,46.39897329346251,-0.372817762753728,MSFT,Technology
2016-09-30 00:00:00-04:00,51.0395206056338,52.095936367186894,49.78613309529435,51.56772994995117,25067990.476190478,0.0,0,0.044791641480714975,0.0024363537346845376,65.34257969963528,3.634148028113785,3.098566313825395,0.5355817142883899,51.1466318766276,48.36423110961914,47.87365404764811,50.69841988313783,49.32524413990167,47.19416662523,0.23440339726838655,MSFT,Technology
2016-10-31 00:00:00-04:00,51.39763064997984,54.942912060706476,50.42178747680715,53.644771575927734,29278180.95238095,0.0,0,0.08427894184431786,0.04027793404891833,71.90963918763768,3.8795300505883645,3.254759061177989,0.6247709894103757,52.218299865722656,49.961270014444985,48.521616299947105,52.17159572953278,50.55939483590912,48.1865673868758,0.16795085669867738,MSFT,Technology
2016-11-30 00:00:00-05:00,53.689540306771164,55.35015203011212,51.28125352512291,54.31361770629883,29193180.95238095,0.39,0,0.07491488648375079,0.012468058129848192,71.92844149708094,4.080925001097043,3.4199922491618002,0.6609327519352428,53.17537307739258,51.1542771657308,49.07454204559326,53.242606717915805,51.63202994173475,49.12919051294088,-0.002903185827638932,MSFT,Technology
2016-12-31 00:00:00-05:00,54.17841360708386,57.77469099831763,52.99768314405638,56.00810623168945,24456176.19047619,0.0,0,0.08529136540521723,0.031198226097800763,66.73265681158435,4.327379673736459,3.6014697340767325,0.7259099396597266,54.65549850463867,52.90106519063314,49.68606758117676,54.62535647480263,52.882337453150384,50.1874852389022,-0.16226408384997926,MSFT,Technology
2017-01-31 00:00:00-05:00,56.593958785612294,59.40609371845891,55.83685265522332,58.27041244506836,24672675.0,0.0,0,0.0612530598886755,0.04039247826056447,67.22276999999504,4.651624945119671,3.8115007762853206,0.8401241688343508,56.19737879435221,54.20783933003744,50.51462999979655,56.447884459935494,54.42178745084124,51.431012501389304,0.008852520845352707,MSFT,Technology
2017-02-28 00:00:00-05:00,58.009029145111846,59.15869273160296,56.55791670179224,58.016136169433594,23197052.63157895,0.39,0,0.0448284943039859,-0.0043637287770096345,65.57063813734422,4.832369144926304,4.015674450013518,0.816694694912786,57.43155161539713,55.30346234639486,51.603065490722656,57.232010314684544,55.44874422758191,52.44410845031919,-0.05980796036185987,MSFT,Technology
2017-03-31 00:00:00-04:00,58.15214915721933,60.02012323518788,57.68968765478054,59.720882415771484,21268247.826086957,0.0,0,0.0390221223488135,0.029384001743226307,68.15634769177497,5.054899268187214,4.223519413648257,0.831379854538957,58.66914367675781,56.66232109069824,52.51327610015869,58.476446365228014,56.669355138493216,53.56361213731185,-0.08314870152366871,MSFT,Technology
2017-04-30 00:00:00-04:00,59.67555188328672,62.69512446062589,58.805029236465,62.07851028442383,22799536.842105262,0.0,0,0.06266412010110614,0.03947744529691888,78.20075516988307,5.3597134196010785,4.450758214838821,0.9089552047622576,59.93850962320963,58.06794420878092,54.01460711161295,60.27747832482592,58.214828037330534,54.87359646763677,0.0719988326513703,MSFT,Technology
2017-05-31 00:00:00-04:00,62.278030699336526,64.51370717980052,61.23053997769779,63.69292068481445,23509931.818181816,0.39,0,0.05154681504322188,0.02600594622831509,76.47344309938788,5.6662334457302705,4.693853261017111,0.9723801847131597,61.830771128336586,59.63116137186686,55.39271926879883,61.98519950482019,59.77999736518308,56.2304155779718,0.031158307337393998,MSFT,Technology
2017-06-30 00:00:00-04:00,64.05768499998942,66.47446991925881,62.096936264796824,62.863006591796875,28623490.90909091,0.0,0,0.06963608474675181,-0.01302992678141457,88.80346782033925,5.775608029200676,4.910204214653824,0.8654038145468519,62.87814585367838,60.7736447652181,56.83735497792562,62.42410304830853,60.6608571442156,57.25081419548334,0.2175063343635235,MSFT,Technology
2017-07-31 00:00:00-04:00,63.22779130038294,67.86976605697963,62.03308868331996,66.3011703491211,23492560.0,0.0,0,0.08803279554381262,0.05469295765075399,88.9607396395732,6.069750945276567,5.142113560778372,0.9276373844981949,64.28569920857747,62.112104415893555,58.15997187296549,64.36263669871481,62.272375202760024,58.64317668065838,-0.17925594489459395,MSFT,Technology
2017-08-31 00:00:00-04:00,66.66597014315171,68.72646354065846,65.00613892243469,68.55226135253906,19307413.04347826,0.39,0,0.05426990364462975,0.033952507799853704,95.69650693801867,6.410608057058532,5.395812460034405,1.0147955970241274,65.90547943115234,63.86812527974447,59.585793813069664,66.45744902562694,64.06662838841117,60.1676512455631,-0.17814776067494298,MSFT,Technology
2017-09-30 00:00:00-04:00,68.49727857370594,69.65248317651337,66.85610916925087,68.29558563232422,18799195.0,0.0,0,0.04094516477707718,-0.003744234182076922,93.47432625435424,6.584130431263063,5.633476054280137,0.9506543769829259,67.71633911132812,65.29724248250325,60.979781786600746,67.37651732897558,65.27490188667204,61.4181026896802,-0.02632243078520191,MSFT,Technology
2017-10-31 00:00:00-04:00,68.49727668875167,79.03178234748565,67.58042695113181,76.262939453125,20452272.727272727,0.0,0,0.1501562289425312,0.11665986530511341,95.12452639247132,7.280620568481346,5.9629049571203785,1.3177156113609678,71.03692881266277,67.66131401062012,62.86462910970052,71.81972839105029,68.41434119137288,63.70192373021017,0.08793343157899725,MSFT,Technology
2017-11-30 00:00:00-05:00,76.72136058304402,78.37823246769852,75.77973503042845,77.55818176269531,20091714.285714287,0.42,0,0.03350384676655635,0.016983902257877492,95.32346022433288,7.846657862296361,6.339655538155575,1.5070023241407862,74.03890228271484,69.9721908569336,64.80167611440022,74.6889550768728,71.02686706889358,65.83365573520788,-0.017629260394011914,MSFT,Technology
2017-12-31 00:00:00-05:00,77.03292470937572,80.62656603308302,74.36072992411127,78.8205337524414,23310165.0,0.0,0,0.07949497181345432,0.01627619370459854,95.18669528631631,8.301414215751734,6.732007273674807,1.5694069420769274,77.5472183227539,72.63177871704102,66.70271174112956,76.7547444146571,73.25362897847867,67.83163696862843,0.16018795950000708,MSFT,Technology
2018-01-31 00:00:00-05:00,79.36417912137824,87.95207908178654,78.78367039665218,87.54664611816406,27345638.095238097,0.0,0,0.10472598427996321,0.11070861805033605,96.26653201398345,9.25920192679861,7.237446204299568,2.0217557224990426,81.30845387776692,76.17269134521484,69.1423978805542,82.15069526641058,77.33734816124593,70.86471529932622,0.17312074347127515,MSFT,Technology
2018-02-28 00:00:00-05:00,87.34392588614551,88.72626282116258,77.24486740840491,86.80989837646484,38192805.2631579,0.42,0,0.13225905832727483,-0.00841548790692459,94.05666203211275,9.845315533816049,7.759020070202864,2.086295463613184,84.39235941569011,79.21563084920247,71.54187806447347,84.48029682143772,80.0437910798799,73.31782038811679,0.39666900915392067,MSFT,Technology
2018-03-31 00:00:00-04:00,87.01357365132529,90.0223578931237,80.61648458628427,84.4954833984375,35750228.571428575,0.0,0,0.11131806019129016,-0.026660726729462514,87.45461830121778,10.007698327006267,8.208755721563545,1.798942605442722,86.2840092976888,81.91561381022136,73.6064281463623,84.48789010993761,81.31570317089634,75.03746085124305,-0.06395384352888889,MSFT,Technology
2018-04-30 00:00:00-04:00,83.7548657148025,90.63337744200562,81.01457255142391,86.57848358154297,31815747.61904762,0.0,0,0.11109925344814282,0.02465220742371632,88.76766083086133,10.187038725713478,8.604412322393532,1.5826264033199458,85.96128845214844,83.63487116495769,75.6480925877889,85.53318684574029,82.81935471679537,76.81300280975073,-0.1100547076089291,MSFT,Technology
2018-05-31 00:00:00-04:00,86.29149307059552,92.96946473110334,85.5878960685332,91.90020751953125,23155359.09090909,0.42,0,0.08032156685828337,0.06146704952363913,89.77191965556595,10.63598096219583,9.010726050353993,1.6252549118418376,87.6580581665039,86.025208791097,77.9986998240153,88.71669718263577,85.41388408900562,79.13411122664004,-0.2722044640231457,MSFT,Technology
2018-06-30 00:00:00-04:00,92.30932872197691,95.47991015987141,90.43118909391816,91.68634033203125,28694533.333333332,0.0,0,0.05506513890367854,-0.0023271676231476635,88.64135149825994,10.849447942064387,9.378470428696073,1.4709775133683145,90.05501047770183,88.16950988769531,80.40064430236816,90.2015187573335,87.2060144441558,81.06522339670023,0.23921780788098213,MSFT,Technology
2018-07-31 00:00:00-04:00,91.21216227399039,103.34589448400034,91.11918493259837,98.63189697265625,27112014.285714287,0.0,0,0.12396303758399356,0.07575345046462201,90.02887537263304,11.447115217372342,9.792199386431328,1.6549158309410146,94.07281494140625,90.01705169677734,83.0948715209961,94.41670786499488,90.47055230944164,83.76778856223193,-0.05515054136742814,MSFT,Technology
2018-08-31 00:00:00-04:00,98.58540125096404,105.26495943949647,97.47894170869591,104.8449478149414,19853395.652173914,0.42,0,0.07426221189544976,0.06299230809691925,92.81656235104113,12.280549586102225,10.289869426365508,1.9906801597367174,98.38772837320964,93.02289326985677,86.11926205952962,99.63082783996813,94.57752245387016,87.01042844726416,-0.2677270141955127,MSFT,Technology
2018-09-30 00:00:00-04:00,103.46359362971451,107.60773549328778,100.08481722835785,106.74903869628906,25276605.263157893,0.0,0,0.07047293686956123,0.01816101701637085,92.58452150173412,12.945469237766147,10.820989388645636,2.1244798491205117,103.40862782796223,96.73181915283203,89.32371648152669,103.1899332681286,98.0550985231327,90.04713771634492,0.2731628234281498,MSFT,Technology
2018-10-31 00:00:00-04:00,107.10371513763992,108.43842120749322,93.43925949608366,99.69279479980469,40328173.91304348,0.0,0,0.15045381907017158,-0.06610124065435419,79.77309537335377,12.75599971684008,11.207991454284524,1.5480082625555553,103.76226043701172,98.91753768920898,91.27620442708333,101.44136403396664,98.52301174503899,91.53108495995411,0.5954742930540642,MSFT,Technology
2018-11-30 00:00:00-05:00,99.91680655053541,104.76096742441388,93.13047577323685,103.94805145263672,34296600.0,0.46,0,0.11188753890664689,0.04268369305301456,81.66574057760852,12.80163809050751,11.526720781529121,1.274917308978388,103.46329498291016,100.92551167805989,93.47536023457845,102.69470774330168,100.0730230900669,93.4413874972899,-0.14956228680348616,MSFT,Technology
2018-12-31 00:00:00-05:00,105.92598799607401,106.31969349166759,88.0779146600482,95.21150970458984,49700768.421052635,0.0,0,0.19159216031987802,-0.08404719113015435,66.60285240267456,11.994574932248838,11.620291611673066,0.3742833205757723,99.61745198567708,101.51303990681966,94.84127489725749,98.95310872394576,98.68401926564488,93.71371399072066,0.44914564187274064,MSFT,Technology
2019-01-31 00:00:00-05:00,93.3179510070858,101.1452481106909,91.11507502373428,97.89246368408203,34010133.333333336,0.0,0,0.10246113653167355,0.028157877002584097,67.39462119706096,11.439435454116776,11.584120380161808,-0.14468492604503247,99.01734161376953,101.38980102539062,95.70342636108398,98.4227862040139,98.45786052805549,94.3565985589301,-0.3157020622858808,MSFT,Technology
2019-02-28 00:00:00-05:00,97.28316985273267,106.60427892938345,95.94269033631137,105.46517944335938,24689257.89473684,0.46,0,0.10109107716256192,0.07735749489067878,70.57175093267065,11.478224465390227,11.562941197207493,-0.08471673181726658,99.52305094401042,101.49317296346028,97.25803311665852,101.94398282368664,100.45995164671375,96.06561100268846,-0.27406171411451374,MSFT,Technology
2019-03-31 00:00:00-04:00,106.27481821152881,113.74010944728643,102.42446818880175,111.02887725830078,28052180.95238095,0.0,0,0.10191619998245718,0.05275388373969836,69.06091403566246,11.821636485495645,11.614680254865124,0.20695623063052082,104.79550679524739,102.20647939046223,99.46914927164714,106.48643004099371,103.47964467859576,98.36765196509036,0.13620996920936235,MSFT,Technology
2019-04-30 00:00:00-04:00,111.97968782504915,123.67190549838199,111.17949811318842,122.947021484375,20626557.14285714,0.0,0,0.10160805226811614,0.10734274290054735,74.826525949483,12.906707134832075,11.873085630858515,1.03362150397356,113.14702606201172,106.08218383789062,102.4998607635498,114.71672576268435,109.04175233738982,102.1490934295957,-0.2647075399281408,MSFT,Technology
2019-05-31 00:00:00-04:00,122.88112103945045,123.26983552571461,115.83001695504593,116.8635025024414,24873581.818181816,0.46,0,0.06366246442522336,-0.04948081627749501,71.14220209866158,13.124453768832197,12.123359258453252,1.0010945103789446,116.94646708170573,108.23475901285808,104.58013534545898,115.79011413256288,111.27653809883313,104.41284867157195,0.20590080282958878,MSFT,Technology
2019-06-30 00:00:00-04:00,117.02412503899204,130.7722107885161,112.45088043978498,126.57694244384766,25416215.0,0.0,0,0.14474461141972103,0.08311782321604921,73.75803508665078,13.920347864655795,12.482756979693761,1.4375908849620345,122.12915547688802,113.4623311360677,107.48768552144368,121.18352828820527,115.64808219740871,107.82270925192206,0.021815643029808207,MSFT,Technology
2019-07-31 00:00:00-04:00,129.0998171975708,133.871489829153,127.24780135765842,128.7596435546875,22003631.818181816,0.0,0,0.05144227095255463,0.017244065693940547,72.74156975030988,14.559393779175394,12.898084339590088,1.661309439585306,124.06669616699219,118.60686111450195,109.99833106994629,124.97158592144638,119.39424258520265,111.04377606773213,-0.13426795381681278,MSFT,Technology
2019-08-31 00:00:00-04:00,129.44938140341958,133.17223453311303,123.57220622344447,130.6957550048828,26567363.636363637,0.46,0,0.07345325262714081,0.01503663257170329,73.56721889005165,15.048599397356753,13.328187351143423,1.7204120462133297,128.6774470011393,122.81195704142253,112.1525650024414,127.8336704631646,122.6232461336827,114.06715744267838,0.20740811589161212,MSFT,Technology
2019-09-30 00:00:00-04:00,129.51075303639877,134.97142952072247,127.51988239216857,131.8049774169922,23627240.0,0.0,0,0.05653464136623152,0.008487057686517252,71.56176992035152,15.348871120859641,13.732324105086667,1.6165470157729747,130.42012532552084,126.27464040120442,114.24055989583333,129.8193239400784,125.24659792891399,116.79605282334205,-0.11066674422822265,MSFT,Technology
2019-10-31 00:00:00-04:00,132.4022238498008,138.09984565822307,126.29688374453339,135.91940307617188,23892321.739130434,0.0,0,0.08683794694915689,0.03121601126005169,70.76418169214027,15.737427126377824,14.1333447093449,1.6040824170329238,132.80671183268228,128.43670399983725,117.25944391886394,132.86936350812513,128.29597082813052,119.73810670839279,0.011219327315862282,MSFT,Technology
2019-11-30 00:00:00-05:00,136.7631977938611,145.06691046801765,135.54024192486048,144.0015106201172,19618590.0,0.51,0,0.06615672642691212,0.05946250028346545,72.9939106181136,16.507233976071447,14.60812256269021,1.8991114133812363,137.2419637044271,132.9597053527832,120.59723218282063,138.43543706412117,132.78326791155527,123.47093807942733,-0.1788746939620769,MSFT,Technology
2019-12-31 00:00:00-05:00,144.41055065589183,151.77327508472027,139.50204349199936,150.013427734375,21443014.285714287,0.0,0,0.08180088794750608,0.04174898644027092,81.46583177935342,17.40182550587393,15.166863151326956,2.2349623545469743,143.3114471435547,136.86578623453775,125.16405868530273,144.2244323992481,137.7061707180752,127.55439802634234,0.09299466912322885,MSFT,Technology
2020-01-31 00:00:00-05:00,151.0407651792479,165.56654658590898,148.8814652208115,161.9327392578125,26596666.666666668,0.0,0,0.1030371093675704,0.0794549641552269,83.08691242324116,18.855233173476336,15.904537155756833,2.950696017719503,151.98255920410156,142.39463551839194,130.50074831644693,153.0785858285303,144.62804744371442,132.84337360041468,0.24034178741306134,MSFT,Technology
2020-02-29 00:00:00-05:00,162.12300976826413,181.40499196770674,144.9862311109964,154.53433227539062,46711700.0,0.51,0,0.23566776599396455,-0.04568814815540734,84.37542524085598,19.18888212045337,16.56140614869614,2.6274759717572316,155.49349975585938,146.36773173014322,134.58984438578287,153.80645905196047,147.45841453847905,136.1804441657956,0.7562990349667877,MSFT,Technology
2020-03-31 00:00:00-04:00,157.68205041514142,166.92495506350934,126.40510793955558,150.43275451660156,73304340.9090909,0.0,0,0.2693552162503416,-0.026541530923236967,79.95206320544824,18.904419883105177,17.03000889557795,1.8744109875272272,155.6332753499349,149.47236124674478,137.8735008239746,152.11960678428102,148.30822596079977,138.37310729668883,0.5692929375101079,MSFT,Technology
2020-04-30 00:00:00-04:00,145.94007261341795,172.07573576963108,143.42188761859504,170.94065856933594,46890714.28571428,0.0,0,0.1676245335126847,0.1363260555763548,82.52874673310181,20.10207378245957,17.644421872954275,2.4576519095052944,158.63591512044272,155.30923716227213,141.8729705810547,161.53013267680848,154.7746352775244,143.383499800173,-0.36032827382124255,MSFT,Technology
2020-05-31 00:00:00-04:00,167.68799480298716,178.85765861803685,165.78029158225254,175.28106689453125,34442250.0,0.51,0,0.07460798400806812,0.02539131627034652,82.31377416119149,21.157566546841565,18.347050807731733,2.8105157391098317,165.5514933268229,160.52249654134116,146.74110094706217,168.40559978566986,160.63361573952636,148.29081781468966,-0.26547823967584194,MSFT,Technology
2020-06-30 00:00:00-04:00,174.60192122307836,195.5112998594685,173.4636961469848,194.66000366210938,34771154.54545455,0.0,0,0.11326211495790321,0.11055921275991931,83.54836692537226,23.289305787610402,19.33550180370747,3.953803983902933,180.29390970865884,167.96359252929688,152.41468938191733,181.53280172388963,170.35544086026437,155.42453871429268,0.009549450034610052,MSFT,Technology
2020-07-31 00:00:00-04:00,194.3060748980744,206.97030782569425,188.92088887890583,196.09475708007812,35008672.72727273,0.0,0,0.09204437291211044,0.007370560931762915,88.75100552992015,24.808519929388524,20.43010542884368,4.378414500544842,188.6786092122396,173.65726216634116,158.02594884236655,188.81377940198388,177.70953120878258,161.68149538595196,0.006830897188291107,MSFT,Technology
2020-08-31 00:00:00-04:00,202.32166652382227,221.63251163516162,194.3061066079433,216.24392700195312,32972566.666666668,0.51,0,0.1263684275719406,0.10275221133855617,89.79293898628494,27.32341043390116,21.80876642985518,5.51464400404598,202.33289591471353,183.94219462076822,165.15496317545572,202.5288532019685,188.7193585782599,170.07571563456753,-0.058160047267940995,MSFT,Technology
2020-09-30 00:00:00-04:00,216.2247501052965,223.27210852062112,188.16951611234165,201.6697540283203,36579823.809523806,0.0,0,0.174059776972555,-0.06739691225410083,79.15041907292112,27.819776256532634,23.010968395190673,4.808807861341961,204.6694793701172,192.48169453938803,170.9770278930664,202.0993036151444,192.41947156399144,174.9363369259141,0.10940176963851167,MSFT,Technology
2020-10-31 00:00:00-04:00,204.69964038543978,215.9370526847845,191.4006887848639,194.1333465576172,28709909.09090909,0.0,0,0.1263892285122609,-0.03737004345056516,74.2760646280152,27.29043747310766,23.866862210774073,3.4235752623335856,204.01567586263022,196.3471425374349,175.82818984985352,198.1163250863808,192.9091501335988,177.88972302309918,-0.21514359280663709,MSFT,Technology
2020-11-30 00:00:00-05:00,195.87843510424747,218.7272715981785,191.88013493015848,205.79312133789062,28672150.0,0.56,0,0.130456919519384,0.06006064896642016,76.19804693844185,27.494835702490462,24.592456909117352,2.90237879337311,200.53207397460938,201.43248494466147,180.9774907430013,201.95472321213572,196.59028476339648,182.1825535330671,-0.0013151936771909067,MSFT,Technology
2020-12-31 00:00:00-05:00,206.2161203701726,218.39625999669985,201.02491270847506,213.82029724121094,27034622.727272727,0.0,0,0.08124274221089572,0.03900604573726518,76.83979031233923,27.981989820904317,25.270363491474747,2.7116263294295706,204.5822550455729,204.62586720784506,186.29472986857095,207.88751022667333,201.51314547134348,187.04989871893537,-0.057112120044268466,MSFT,Technology
2021-01-31 00:00:00-05:00,213.92603952860762,233.25848684590053,203.74550632342644,222.99142456054688,34109284.21052632,0.0,0,0.1323502936520355,0.04289175273659818,77.01229387710632,28.77638010073798,25.971566813327396,2.8048132874105853,214.2016143798828,209.1086451212565,191.38295364379883,215.4394673936101,207.6497966396873,192.57936423302945,0.261688929585713,MSFT,Technology
2021-02-28 00:00:00-05:00,225.97155193690466,236.61354960880325,219.57373913394193,223.90969848632812,25840115.789473683,0.56,0,0.07610126131227751,0.004117978651380527,76.18255089870863,29.144082312912275,26.606069913244372,2.5380123996679025,220.24047342936197,210.3862737019857,197.16423416137695,219.67458293996913,212.2954828815847,197.39941565661388,-0.2424316021999876,MSFT,Technology
2021-03-31 00:00:00-04:00,227.30139726551226,232.26368503825154,216.08568317000322,227.17611694335938,31519382.608695652,0.0,0,0.07121348003444346,0.014588106183487604,74.62673913288887,29.36061079124036,27.15697808884357,2.203632702396792,224.69241333007812,214.63733418782553,203.55951436360678,223.42534994166425,216.5470926135203,201.9804466238055,0.21978488275720087,MSFT,Technology
2021-04-30 00:00:00-04:00,229.77770349981284,253.59665918186172,229.37301438067678,242.9879608154297,27079123.80952381,0.0,0,0.0996907201488262,0.06960169970689556,81.39371055340237,30.457005425978878,27.816983556270635,2.6400218697082423,231.35792541503906,222.77976989746094,209.5634562174479,233.20665537854697,224.1016263854944,208.28929496097845,-0.1408739141339289,MSFT,Technology
2021-05-31 00:00:00-04:00,244.16347117203964,245.07885508566088,229.39232729849988,241.13462829589844,24754245.0,0.56,0,0.06505298678177371,-0.007627260681194903,82.71372367212035,30.82107150091423,28.417801145199356,2.4032703557148736,237.09956868489584,228.6700210571289,215.05125300089517,237.17064183722272,228.96819835989555,213.34242316635076,-0.08585502344452312,MSFT,Technology
2021-06-30 00:00:00-04:00,242.63158195831664,262.3527107827182,234.68325068647783,261.6283264160156,23116918.181818184,0.0,0,0.10575865570551066,0.08498861513564604,82.7119520976013,32.38989609341235,29.212220134841957,3.17767595857039,248.5836385091146,236.63802591959634,220.6319465637207,249.39948412661917,238.299663518787,220.7710236662992,-0.06614327434271638,MSFT,Technology
2021-07-31 00:00:00-04:00,260.38247086463474,280.2195293269949,260.3728331605251,275.1588439941406,24889176.19047619,0.0,0,0.07212814197930142,0.05171656205379738,83.78687108401843,34.32927407275946,30.235630922425457,4.093643150334003,259.30726623535156,245.3325958251953,227.22062047322592,262.2791640603799,248.8308579403166,229.13838063981325,0.07666497734338629,MSFT,Technology
2021-08-31 00:00:00-04:00,276.55920160196104,295.9380140450742,274.02887685382683,292.1062316894531,20059495.454545453,0.56,0,0.0750040047572133,0.061591288323894045,83.51568776415064,36.809441319192985,31.550393001778964,5.25904831741402,276.2978006998698,256.6986846923828,233.54247919718424,277.1926978749165,261.1952504400699,238.82574233975785,-0.1940474324649929,MSFT,Technology
2021-09-30 00:00:00-04:00,293.06419828901585,295.4348310648799,272.5021756474461,272.79248046875,23948509.523809522,0.0,0,0.08406630336007696,-0.0661189290930162,73.49044093290632,36.792413379913114,32.5987970774058,4.193616302507316,280.01918538411456,264.30141194661456,239.46937306722006,274.9925891718333,264.5087447339785,244.0513943596028,0.19387397245740923,MSFT,Technology
2021-10-31 00:00:00-04:00,272.9859668378756,321.2510024364737,271.1765797329036,320.88330078125,24595990.476190478,0.0,0,0.15605181878164004,0.17629085754073448,77.36461120613535,40.19609039395408,34.118255740715455,6.077834653238625,295.2606709798177,277.28396860758465,250.0318692525228,297.93794497654164,280.6157607474846,255.8716876552408,0.027036377847950543,MSFT,Technology
2021-11-30 00:00:00-05:00,320.6317689522734,338.96796943364063,315.8033362306678,320.47186279296875,24280247.61904762,0.62,0,0.07228289248575198,-0.0012822044253456566,83.55385772085026,42.3718925410013,35.76898310077263,6.602909440228672,304.71588134765625,290.506841023763,259.588431040446,309.2049038847552,292.0032184747658,265.8101761379682,-0.012837167807838612,MSFT,Technology
2021-12-31 00:00:00-05:00,324.8729652307251,333.7623049071674,307.54022163698255,326.0264892578125,28439763.636363637,0.0,0,0.08042930293755719,0.01733264947641322,87.67295128202022,44.036814368037255,37.42254935422556,6.614265013811696,322.46055094401044,301.2398681640625,268.9389470418294,317.6156965712838,301.7241529842077,275.07422431025196,0.17131275111267463,MSFT,Technology
2022-01-31 00:00:00-05:00,325.08625041123946,327.6551383305522,267.6011364861104,301.4621276855469,47376570.0,0.0,0,0.19920910897001193,-0.07534468020738283,75.45000716036722,42.87984605162498,38.51400869370545,4.365837357919531,315.98682657877606,305.6237487792969,275.4781723022461,309.53891212841535,301.64928861316173,279.133901752605,0.665856671868517,MSFT,Technology
2022-02-28 00:00:00-05:00,300.90955255092064,305.47537772113645,263.7539934498833,290.244140625,36686873.684210524,0.62,0,0.14374582784483442,-0.03721192823348041,69.99100417125779,40.5898480205276,38.92917655906988,1.6606714614577172,305.9109191894531,305.3134002685547,281.00604248046875,299.8915263767077,298.39067490225835,280.84316927143504,-0.2256325503469221,MSFT,Technology
2022-03-31 00:00:00-04:00,287.9224256437058,306.91327445706116,262.27751955874135,299.4917907714844,31927573.913043477,0.0,0,0.14903832516857668,0.03186162561824979,70.00301310284799,39.07083193354086,38.95750763396408,0.11332429957678158,297.06601969401044,309.76328531901044,287.0323486328125,299.69165857409604,298.70527943632294,283.7121879637503,-0.129727591730319,MSFT,Technology
2022-04-30 00:00:00-04:00,300.5215111712641,306.09731457992234,262.2775631428249,269.58245849609375,31367170.0,0.0,0,0.16254674611082834,-0.09986695193996753,60.37012477229247,35.04953832850825,38.17591377287292,-3.126375444364669,286.43946329752606,301.21314493815106,289.24855677286786,284.63705853509487,290.38447345340035,281.5383834302647,-0.017552348780704996,MSFT,Technology
2022-05-31 00:00:00-04:00,269.76701711906315,282.5602875280021,239.94896148794473,264.7091979980469,35376285.71428572,0.62,0,0.16097410427110198,-0.01807706823816757,58.46025602186282,31.110777107302198,36.76288643975877,-5.652109332456575,277.9278157552083,291.91936747233075,291.2131042480469,274.67312826657087,283.0486804661565,278.9492779791542,0.1278124776409768,MSFT,Technology
2022-06-30 00:00:00-04:00,267.9514657945236,270.37587169394226,235.14884895608247,250.0653076171875,29589157.14285714,0.0,0,0.1408712910780374,-0.05532067072700442,51.60373463079433,26.502140711504694,34.71073729410796,-8.208596582603263,261.4523213704427,279.25917053222656,290.24951934814453,262.3692179418792,273.62485965216536,274.5055902311593,-0.16358779489084707,MSFT,Technology
2022-07-31 00:00:00-04:00,249.63689318171868,274.5723421203902,239.46214266727682,273.34552001953125,26744590.0,0.0,0,0.12844622238771158,0.0930965299592148,56.65297290210423,24.44647796385601,32.65788542805757,-8.211407464201557,262.70667521158856,274.5730692545573,290.09840901692706,267.85736898070525,273.5450483285556,274.3271178909089,-0.09613545695551606,MSFT,Technology
2022-08-31 00:00:00-04:00,270.50244104227005,286.43152521881507,254.33313846551115,255.12350463867188,20745982.608695652,0.62,0,0.12581509021979156,-0.0666629377337421,48.643739555235655,21.10371557604148,30.347051457654352,-9.243335881612872,259.5114440917969,268.7196299235026,287.0165150960286,261.49043680968856,268.28175013144596,271.37271585210317,-0.22429236684145648,MSFT,Technology
2022-09-30 00:00:00-04:00,252.58657535894073,260.95833424847086,227.08103059664865,227.2469024658203,27408885.714285713,0.0,0,0.14907707556945743,-0.10926708698335275,40.574205642309735,16.020469479765126,27.48173506207651,-11.461265582311384,251.90530904134116,256.6788152058919,283.2210502624512,244.36866963775444,256.5575079412672,264.58412917729044,0.3211659448127231,MSFT,Technology
2022-10-31 00:00:00-04:00,229.6960226716163,244.94661775526365,213.81116985788702,226.49560546875,31963100.0,0.0,0,0.13746601322767135,-0.0033060824544497436,36.213778392057954,11.79536728514114,24.344461506689438,-12.549094221548298,236.2886708577474,249.49767303466797,275.3554089864095,235.43213755325223,247.96839294911945,258.72435629905345,0.16615831570783612,MSFT,Technology
2022-11-30 00:00:00-05:00,228.90566433330028,249.83460997466,208.24949944790723,249.64869689941406,29299809.523809522,0.68,0,0.16657451468095516,0.1022231375427658,45.21420379833099,10.197652149518461,21.515099635255243,-11.317447485736782,234.46373494466147,246.98758951822916,269.45347849527997,242.54041722633315,248.44847979206077,257.32810100680126,-0.08332391026497676,MSFT,Technology
2022-12-31 00:00:00-05:00,248.40598508985425,258.23972140913565,228.836478039085,234.65843200683594,28159938.095238097,0.0,0,0.12530230905656994,-0.06004543616191138,29.341995889041698,7.633863864941532,18.738852481192502,-11.10498861625097,236.93424479166666,244.4197769165039,261.83947372436523,238.59942461658454,244.5084661391394,253.84045962219122,-0.03890371463490727,MSFT,Technology
2023-01-31 00:00:00-05:00,237.84825439790933,244.4529638450001,214.6289776058487,242.4764404296875,33308405.0,0.0,0,0.1229974598204302,0.03331654590883737,31.95407590467785,6.161861021982645,16.22345418935053,-10.061593167367885,242.26118977864584,239.27493031819662,256.92399978637695,240.53793252313602,243.9278873650103,252.09214897719067,0.18282948234295016,MSFT,Technology
2023-02-28 00:00:00-05:00,242.66233781914565,270.803352152855,240.18679177695304,244.66305541992188,32394789.47368421,0.68,0,0.125137652365838,0.009017845141406466,30.876773644444384,5.112792628321472,14.001321877144719,-8.888529248823247,240.59930928548178,237.53152211507162,253.1255760192871,242.60049397152895,244.13793538069933,250.94921150684164,-0.027428978551083172,MSFT,Technology
2023-03-31 00:00:00-04:00,245.9775079191277,283.7530149729274,240.92574220982544,282.801513671875,32505869.56521739,0.0,0,0.1514393335701626,0.1558815579511792,45.877176788705775,7.27499163767925,12.656055829251626,-5.381064191572376,256.6470031738281,246.7906239827474,251.73471959431967,262.701003821702,255.18467203532094,255.84956568607754,0.0034289493260457604,MSFT,Technology
2023-04-30 00:00:00-04:00,281.0554727089369,303.038096464785,270.11820247276773,301.39996337890625,29027368.42105263,0.0,0,0.10922328464463635,0.06576502885557534,52.386893625957,10.369753326623822,12.198795328726066,-1.829042002102243,276.2881774902344,259.2746836344401,254.38617833455405,282.0504836003041,268.38904099063103,262.85731917728197,-0.10701147794818255,MSFT,Technology
2023-05-31 00:00:00-04:00,301.11544227011126,330.2533617664541,297.6135303437571,322.8311767578125,27311677.272727273,0.68,0,0.1011049544548275,0.07110556065981966,54.74623350313284,14.385862801731037,12.63620882332706,1.7496539784039769,302.34421793619794,271.47176361083984,259.2296765645345,302.4408301790583,283.9439369241114,272.0840664973636,-0.05910598313421411,MSFT,Technology
2023-06-30 00:00:00-04:00,320.41279996560337,345.52048357890783,317.04083634658787,334.7754821777344,26081057.14285714,0.0,0,0.08507088705259468,0.03699861190569731,64.30250670888725,18.321267947615297,13.773220648184708,4.548047299430589,319.6688741048177,288.15793863932294,266.2888577779134,318.60815617839637,298.4672355680037,281.7288996789591,-0.045058387208573136,MSFT,Technology
2023-07-31 00:00:00-04:00,333.4483145492519,360.57126878762074,321.4646944933152,330.2337341308594,33337340.0,0.0,0,0.11842089481630315,-0.013566549190910493,64.39617680378308,20.83346851176117,15.185270220900001,5.648198290861167,329.28013102213544,302.7841542561849,271.02954228719074,324.4209451546279,307.54337801453386,289.19118190232837,0.2782204270861064,MSFT,Technology
2023-08-31 00:00:00-04:00,329.5160790520631,332.8093779810009,306.92460283780554,322.8940124511719,20846791.304347824,0.68,0,0.08016492763894062,-0.02222583861398919,66.53153913902337,21.97879350908829,16.54397487853766,5.43481863055063,329.3010762532552,315.82264709472656,276.6770846048991,323.65747880289985,311.929273567859,294.37623275599657,-0.3746714253642365,MSFT,Technology
2023-09-30 00:00:00-04:00,326.39129110984953,335.7995060691533,304.8558759902322,311.062255859375,20837115.0,0.0,0,0.09947728950088403,-0.03664284915653582,59.03076695997066,21.681813496718803,17.571542602173892,4.110270894544911,321.39666748046875,320.53277079264325,283.6616973876953,317.3598673311374,311.68155422257786,296.9433132334394,-0.0004641627676200688,MSFT,Technology
2023-10-31 00:00:00-04:00,311.5844231256774,341.0602651549816,306.5897075763458,333.09033203125,24588645.454545453,0.0,0,0.10348711524716915,0.07081565106964782,68.3339535987859,22.9592761047644,18.649089302691994,4.310186802072405,322.34886678059894,325.8144989013672,292.5445912679036,325.2250996811937,317.79834788219847,302.5043930484872,0.18004078081564812,MSFT,Technology
2023-11-30 00:00:00-05:00,334.7453652224834,379.3629996146164,334.60742928131657,374.0422668457031,26852095.23809524,0.75,0,0.1196537779292254,0.12294543214364761,82.5193068131875,26.965313961169386,20.31233423438747,6.652979726781915,339.3982849121094,334.3496805826823,302.91072209676105,349.6336832634484,333.8680390146284,313.5102197865204,0.09205264225449095,MSFT,Technology
2023-12-31 00:00:00-05:00,371.91985572486345,373.3018642037359,358.2379693353027,371.2091064453125,26104085.0,0.0,0,0.040580617788945415,-0.007574439178445358,81.76511946890443,29.570643486684446,22.163996084846865,7.406647401837581,359.4472351074219,340.4219512939453,314.2899449666341,360.4213948543804,344.53691542339527,322.3869715801807,-0.027856680510876197,MSFT,Technology
2024-01-31 00:00:00-05:00,369.0571084332548,409.98453286629814,361.7916931110851,392.472412109375,25166247.61904762,0.0,0,0.12279293593197205,0.05728120699322092,81.61257200315015,32.97108680338994,24.32541422855548,8.645672574834457,379.2412618001302,350.79506429036456,326.7896092732747,376.4469034818777,358.2327716193895,333.1693470462106,-0.03592684367034438,MSFT,Technology
2024-02-29 00:00:00-05:00,396.6677820088373,415.4138590210017,392.8421710254568,409.0812072753906,22204560.0,0.75,0,0.05517654586452266,0.04231837615477296,88.3320560420038,36.58443104706208,26.777217592256804,9.807213454805279,390.92090861002606,365.1595967610677,340.49112192789715,392.76405537863417,372.7608960925327,344.8480947737768,-0.11768491130978154,MSFT,Technology
2024-03-31 00:00:00-04:00,406.7372936922519,426.07187931857345,393.99930460815386,416.0831298828125,21322265.0,0.0,0,0.07708213192746519,0.01711621673861985,88.29005310367332,39.557040095009086,29.333182092807263,10.223858002201823,405.87891642252606,382.66307576497394,351.5979232788086,404.4235926307233,385.13867717546975,355.8073309443977,-0.03973485626375839,MSFT,Technology
2024-04-30 00:00:00-04:00,419.27758502766966,424.6378159464607,383.75342412085615,385.03912353515625,20049263.636363637,0.0,0,0.10618243530743851,-0.07461010581322924,77.46474332067484,38.958769867291096,31.258299647704032,7.700470219587064,403.4011535644531,391.3212076822917,358.5678532918294,394.7313580829398,385.11023327823733,360.30452980451435,-0.0597029144716269,MSFT,Technology
2024-05-31 00:00:00-04:00,388.2829428234783,429.5947037930371,386.0083037107917,411.2952880859375,18808181.818181816,0.75,0,0.1059734972532394,0.06819090047192033,76.36585742181825,40.14057389957111,33.03475449807745,7.105819401493662,404.13918050130206,397.53004455566406,365.93986256917316,403.01332308443864,392.59167750900883,368.14926184781024,-0.06190161597410748,MSFT,Technology
2024-06-30 00:00:00-04:00,411.69163808536524,451.9562093572158,405.14271091981925,442.82135009765625,17985110.52631579,0.0,0,0.10571644394985176,0.07665067635088385,77.55654504932008,43.12394583577293,35.052592765616545,8.071353070156384,413.0519205729167,409.4654184977214,374.9436848958333,422.91733659104744,406.9430125343367,379.6372754247096,-0.04376134279339894,MSFT,Technology
2024-07-31 00:00:00-04:00,444.5155853207817,464.0236777303131,408.4022679352166,414.4855651855469,20020418.181818184,0.0,0,0.13419384043011787,-0.06398920220504367,67.39127942279592,42.7095000282896,36.583974218151155,6.125525810138441,422.8674011230469,413.13427734375,381.9646708170573,418.70145088829713,409.0980275775396,384.99855077253073,0.1131662578622652,MSFT,Technology
2024-08-31 00:00:00-04:00,416.9030180044247,423.6097249060729,382.0182715597293,414.0316467285156,20541772.727272727,0.75,0,0.10045476879600825,-0.0010951369484436535,65.72440879662952,41.86186380615874,37.63955213575267,4.222311670406064,423.77952067057294,413.9593505859375,389.5594736735026,416.3665488084064,410.50763304924703,389.46518091960536,0.02604114163449478,MSFT,Technology
2024-09-30 00:00:00-04:00,414.79592463376775,438.5575267353336,397.81340823350934,427.09356689453125,18844905.0,0.0,0,0.09539857693966591,0.031548120220337816,68.58853208306505,41.76267961338897,38.46417763127993,3.2985019821090376,418.53692626953125,415.79442342122394,399.22874959309894,421.7300578514688,415.2464712907568,395.2541633772863,-0.08260571031534414,MSFT,Technology
2024-10-31 00:00:00-04:00,425.257391898111,435.2324607886903,403.2724369212272,403.32208251953125,19162847.826086957,0.0,0,0.07924193901759735,-0.055658727308506295,64.51936418767616,39.31274247958481,38.63389060094091,0.6788518786439042,414.8157653808594,418.8415832519531,405.0813954671224,412.52607018550003,411.83950307040664,396.4953817068625,0.016871553668588835,MSFT,Technology
2024-11-30 00:00:00-05:00,405.9622215000355,426.69537265560376,402.5478716062057,421.1458435058594,22115310.0,0.83,0,0.05733762168559092,0.04419237566905343,69.45212613875928,38.36710608614527,38.580533697981785,-0.21342761183651504,417.1871643066406,420.48334248860675,409.00669352213544,416.8359568456797,414.498457480536,400.2877604451697,0.15407220266571064,MSFT,Technology
2024-12-31 00:00:00-05:00,419.2662066130162,453.66714837494953,418.3611273840335,419.196533203125,20947733.333333332,0.0,0,0.08422307484544057,-0.004628587300083975,66.37737746778481,37.033490356752054,38.27112502973584,-1.2376346729837877,414.55481974283856,416.5458730061849,413.0056457519531,418.01624502440234,415.84076482984716,403.19680240793207,-0.05279494914006033,MSFT,Technology
2025-01-31 00:00:00-05:00,423.2045424399656,445.9296782334323,408.4754763868852,412.7917785644531,23125060.0,0.0,0,0.0907338851970353,-0.015278644099779304,58.485256734107985,35.055680052213745,37.62803603423142,-2.572355982017676,417.7113850911458,416.2635752360026,414.6989262898763,415.40401179442773,414.9696258968774,404.6729525858584,0.10394091962217078,MSFT,Technology
2025-02-28 00:00:00-05:00,409.3506540265293,417.8547165109783,385.2283339547379,395.6121520996094,22760468.42105263,0.83,0,0.08247062781839308,-0.041618141050649204,55.027806892839884,31.73616411212106,36.44966164980935,-4.713497537688291,409.2001546223958,413.19365946451825,413.57650502522785,405.5080819470186,409.43891909765796,403.27898328028164,-0.015766081426269563,MSFT,Technology
2025-03-31 00:00:00-04:00,397.4358274187669,400.7542663515353,365.96541986866765,374.087158203125,23418409.523809522,0.0,0,0.09299663385926152,-0.05440933445104257,46.216130661219935,27.05664454210529,34.57105822826854,-7.514413686163252,394.1636962890625,404.3592580159505,410.0768407185872,389.7976200750718,399.3384159849342,398.7879332684114,0.028907186380589645,MSFT,Technology
2025-04-30 00:00:00-04:00,373.34968615477356,395.2833185411371,343.5933653790687,393.88818359375,26816385.714285713,0.0,0,0.1312300173375614,0.05293158280475718,46.91367744682403,24.661585428187152,32.58916366825226,-7.92757824006511,387.8624979654948,402.7869415283203,410.8142623901367,391.8429018344109,397.78120673031015,398.03412562615574,0.1450985041072692,MSFT,Technology
2025-05-31 00:00:00-04:00,429.6137271918364,461.7609101640183,423.4252888222868,459.60443115234375,22711542.85714286,0.83,0,0.08341003424534978,0.16683985530871492,57.13817212707926,27.74639264642184,31.62060946388618,-3.8742168174643403,409.19325764973956,409.1967061360677,414.8400243123372,425.7236664933773,415.44498513660545,407.50648032249234,-0.15307218880567153,MSFT,Technology
2025-06-30 00:00:00-04:00,456.3897628439735,499.9381665482639,456.1401731404802,496.5936584472656,20062755.0,0.0,0,0.08819684396439928,0.08048057152578059,67.94668398515452,32.797773782281354,31.856042327565216,0.9417314547161375,450.0287577311198,422.0962270100911,419.321050008138,461.1586624703215,438.63032036822267,421.21220003399594,-0.11662738519368376,MSFT,Technology
2025-07-31 00:00:00-04:00,495.655190908974,554.5383762548963,487.8979653734086,532.6243896484375,18040086.363636363,0.0,0,0.12511708471606825,0.07255576181506562,68.92403183427896,39.255891135173215,33.336012089086815,5.9198790460864,496.27415974934894,442.0683288574219,429.1659520467122,496.8915260593795,465.48576873399827,438.3525368977562,-0.10081709298466923,MSFT,Technology
2025-08-31 00:00:00-04:00,534.1219588686084,537.3666271513684,498.510009765625,506.69000244140625,21661357.14285714,0.83,0,0.07668716019364688,-0.048691700401007565,60.13861604089148,41.799469100152464,35.02870349129995,6.770765608852514,511.96935017903644,460.581303914388,436.8874816894531,501.79076425039284,477.25840693611485,448.86599313524084,0.20073466979183774,MSFT,Technology
2025-09-30 00:00:00-04:00,500.4700012207031,519.2999877929688,492.3699951171875,517.9500122070312,20191690.476190478,0.0,0,0.05199342029364986,0.02222267996481153,67.36555246442884,44.21418801014153,36.86580039506827,7.348387615073257,519.088134765625,484.5584462483724,444.45885213216144,509.87038822871205,488.8845798706624,459.4943037616701,-0.06784739557056274,MSFT,Technology
